scale,variant,sample,gpu_ms
59,dlssnr_tiled_v14_rgb20,0,0.081408
59,dlssnr_tiled_v16_wide20,1,0.080256
59,dlssnr_tiled_v16_wide20,2,0.080256
59,dlssnr_tiled_v14_rgb20,3,0.081364
59,dlssnr_tiled_v14_rgb20,4,0.081408
59,dlssnr_tiled_v16_wide20,5,0.080256
59,dlssnr_tiled_v16_wide20,6,0.080128
59,dlssnr_tiled_v14_rgb20,7,0.081596
59,dlssnr_tiled_v14_rgb20,0,0.166528
59,dlssnr_tiled_v16_pair20,1,0.29696
59,dlssnr_tiled_v16_pair20,2,0.295552
59,dlssnr_tiled_v14_rgb20,3,0.379648
59,dlssnr_tiled_v14_rgb20,4,0.180284
59,dlssnr_tiled_v16_pair20,5,0.299392
59,dlssnr_tiled_v16_pair20,6,0.398768
59,dlssnr_tiled_v14_rgb20,7,0.192256
59,dlssnr_tiled_v14_rgb20,0,0.262644
59,dlssnr_tiled_v16_both20,1,0.267356
59,dlssnr_tiled_v16_both20,2,0.267008
59,dlssnr_tiled_v14_rgb20,3,0.213564
59,dlssnr_tiled_v14_rgb20,4,0.212224
59,dlssnr_tiled_v16_both20,5,0.273152
59,dlssnr_tiled_v16_both20,6,0.365792
59,dlssnr_tiled_v14_rgb20,7,0.29434
65,dlssnr_tiled_v14_rgb16,0,0.259172
65,dlssnr_tiled_v16_wide16,1,0.244156
65,dlssnr_tiled_v16_wide16,2,0.258424
65,dlssnr_tiled_v14_rgb16,3,0.271036
65,dlssnr_tiled_v14_rgb16,4,0.353624
65,dlssnr_tiled_v16_wide16,5,0.352992
65,dlssnr_tiled_v16_wide16,6,0.479488
65,dlssnr_tiled_v14_rgb16,7,0.283708
65,dlssnr_tiled_v14_rgb16,0,0.391484
65,dlssnr_tiled_v16_pair16,1,1.03168
65,dlssnr_tiled_v16_pair16,2,0.768848
65,dlssnr_tiled_v14_rgb16,3,0.459008
65,dlssnr_tiled_v14_rgb16,4,0.41216
65,dlssnr_tiled_v16_pair16,5,0.780928
65,dlssnr_tiled_v16_pair16,6,0.765544
65,dlssnr_tiled_v14_rgb16,7,0.418304
65,dlssnr_tiled_v14_rgb16,0,0.591616
65,dlssnr_tiled_v16_both16,1,1.25875
65,dlssnr_tiled_v16_both16,2,1.22342
65,dlssnr_tiled_v14_rgb16,3,0.414592
65,dlssnr_tiled_v14_rgb16,4,0.406768
65,dlssnr_tiled_v16_both16,5,1.1676
65,dlssnr_tiled_v16_both16,6,1.22483
65,dlssnr_tiled_v14_rgb16,7,0.4192
65,Mode18_reference,0,0.619392
65,dlssnr_v16_low,1,0.34816
65,dlssnr_v16_low,2,0.189184
65,Mode18_reference,3,0.196352
65,Mode18_reference,4,0.19328
65,dlssnr_v16_low,5,0.198656
65,dlssnr_v16_low,6,0.185728
65,Mode18_reference,7,0.302072
