scale_percent,revision,block,window,sample_index,gpu_ms
65,v14,0,0,0,0.385536
65,v14,0,0,1,0.498944
65,v14,0,0,2,0.384896
65,v14,0,0,3,0.384512
65,v14,0,0,4,0.384512
65,v14,0,0,5,0.384512
65,v14,0,0,6,0.384512
65,v14,0,0,7,0.384512
65,v14,0,0,8,0.38464
65,v14,0,0,9,0.384512
65,v14,0,0,10,0.384512
65,v14,0,0,11,0.449536
65,v14,0,0,12,0.433152
65,v14,0,0,13,0.384512
65,v14,0,0,14,0.369152
65,v14,0,0,15,0.368896
65,v14,0,0,16,0.37056
65,v14,0,0,17,0.369152
65,v14,0,0,18,0.366976
65,v14,0,0,19,0.366592
65,v14,0,0,20,0.36672
65,v14,0,0,21,0.366848
65,v14,0,0,22,0.481664
65,v14,0,0,23,0.366976
65,v14,0,0,24,0.36608
65,v14,0,0,25,0.36416
65,v14,0,0,26,0.364416
65,v14,0,0,27,0.364416
65,v14,0,0,28,0.36416
65,v14,0,0,29,0.364416
65,v14,0,0,30,0.364288
65,v14,0,0,31,0.367872
65,v14,0,0,32,0.40512
65,v14,0,0,33,0.484352
65,v14,0,0,34,0.371968
65,v14,0,0,35,0.371712
65,v14,0,0,36,0.371456
65,v14,0,0,37,0.364416
65,v14,0,0,38,0.359296
65,v14,0,0,39,0.35968
65,v14,0,0,40,0.359552
65,v14,0,0,41,0.359424
65,v14,0,0,42,0.359552
65,v14,0,0,43,0.359552
65,v14,0,0,44,0.4544
65,v14,0,0,45,0.3872
65,v14,0,0,46,0.387328
65,v14,0,0,47,0.387072
65,v14,0,0,48,0.388224
65,v14,0,0,49,0.3872
65,v14,0,0,50,0.374016
65,v14,0,0,51,0.371712
65,v14,0,0,52,0.371456
65,v14,0,0,53,0.459904
65,v14,0,0,54,0.371712
65,v14,0,0,55,0.371584
65,v14,0,0,56,0.3712
65,v14,0,0,57,0.369024
65,v14,0,0,58,0.36928
65,v14,0,0,59,0.369152
65,v14,0,0,60,0.369024
65,v14,0,0,61,0.369152
65,v14,0,0,62,0.485888
65,v14,0,0,63,0.384
65,v14,0,0,64,0.438016
65,v14,0,0,65,0.387328
65,v14,0,0,66,0.387328
65,v14,0,0,67,0.387072
65,v14,0,0,68,0.387328
65,v14,0,0,69,0.37312
65,v14,0,0,70,0.369152
65,v14,0,0,71,0.369024
65,v14,0,0,72,0.36928
65,v14,0,0,73,0.369024
65,v14,0,0,74,0.36928
65,v14,0,0,75,0.452992
65,v14,0,0,76,0.371584
65,v14,0,0,77,0.384512
65,v14,0,0,78,0.384512
65,v14,0,0,79,0.384512
65,v14,0,0,80,0.385408
65,v14,0,0,81,0.383872
65,v14,0,0,82,0.379392
65,v14,0,0,83,0.379264
65,v14,0,0,84,0.379264
65,v14,0,0,85,0.410496
65,v14,0,0,86,0.459904
65,v14,0,0,87,0.379648
65,v14,0,0,88,0.373632
65,v14,0,0,89,0.36928
65,v14,0,0,90,0.36928
65,v14,0,0,91,0.369024
65,v14,0,0,92,0.369024
65,v14,0,0,93,0.36928
65,v14,0,0,94,0.369024
65,v14,0,0,95,0.37824
65,v14,0,0,96,0.494336
65,v14,0,0,97,0.37952
65,v14,0,0,98,0.379264
65,v14,0,0,99,0.379392
65,v14,0,0,100,0.372608
65,v14,0,0,101,0.361856
65,v14,0,0,102,0.361728
65,v14,0,0,103,0.362112
65,v14,0,0,104,0.361856
65,v14,0,0,105,0.361856
65,v14,0,0,106,0.395776
65,v14,0,0,107,0.419328
65,v14,0,0,108,0.387456
65,v14,0,0,109,0.3872
65,v14,0,0,110,0.387072
65,v14,0,0,111,0.387328
65,v14,0,0,112,0.388224
65,v14,0,0,113,0.38208
65,v14,0,0,114,0.379264
65,v14,0,0,115,0.379136
65,v14,0,0,116,0.379392
65,v14,0,0,117,0.443776
65,v14,0,0,118,0.427904
65,v14,0,0,119,0.37696
65,v14,0,0,120,0.36672
65,v14,0,0,121,0.36672
65,v14,0,0,122,0.36672
65,v14,0,0,123,0.36672
65,v14,0,0,124,0.366848
65,v14,0,0,125,0.366976
65,v14,0,0,126,0.36864
65,v14,0,0,127,0.37184
65,v14,0,0,128,0.455296
65,v14,0,0,129,0.37184
65,v14,0,0,130,0.37184
65,v14,0,0,131,0.371584
65,v14,0,0,132,0.371584
65,v14,0,0,133,0.369408
65,v14,0,0,134,0.368896
65,v14,0,0,135,0.369152
65,v14,0,0,136,0.369152
65,v14,0,0,137,0.369152
65,v14,0,0,138,0.36928
65,v14,0,0,139,0.433536
65,v14,0,0,140,0.41792
65,v14,0,0,141,0.36928
65,v14,0,0,142,0.369152
65,v14,0,0,143,0.369152
65,v14,0,0,144,0.370688
65,v14,0,0,145,0.36928
65,v14,0,0,146,0.369152
65,v14,0,0,147,0.36928
65,v14,0,0,148,0.369408
65,v14,0,0,149,0.405248
65,v14,0,0,150,0.454144
65,v14,0,0,151,0.374528
65,v14,0,0,152,0.37056
65,v14,0,0,153,0.36928
65,v14,0,0,154,0.369408
65,v14,0,0,155,0.368896
65,v14,0,0,156,0.369152
65,v14,0,0,157,0.369408
65,v14,0,0,158,0.369152
65,v14,0,0,159,0.36928
65,current,0,1,0,0.406656
65,current,0,1,1,0.408064
65,current,0,1,2,0.408064
65,current,0,1,3,0.408064
65,current,0,1,4,0.408064
65,current,0,1,5,0.408192
65,current,0,1,6,0.474624
65,current,0,1,7,0.45952
65,current,0,1,8,0.411392
65,current,0,1,9,0.411136
65,current,0,1,10,0.411264
65,current,0,1,11,0.411264
65,current,0,1,12,0.41152
65,current,0,1,13,0.417792
65,current,0,1,14,0.417792
65,current,0,1,15,0.417664
65,current,0,1,16,0.467456
65,current,0,1,17,0.418048
65,current,0,1,18,0.41408
65,current,0,1,19,0.411136
65,current,0,1,20,0.411392
65,current,0,1,21,0.411264
65,current,0,1,22,0.411264
65,current,0,1,23,0.411264
65,current,0,1,24,0.416
65,current,0,1,25,0.515712
65,current,0,1,26,0.431232
65,current,0,1,27,0.431488
65,current,0,1,28,0.431232
65,current,0,1,29,0.430336
65,current,0,1,30,0.427904
65,current,0,1,31,0.427904
65,current,0,1,32,0.429184
65,current,0,1,33,0.427648
65,current,0,1,34,0.495104
65,current,0,1,35,0.47808
65,current,0,1,36,0.427904
65,current,0,1,37,0.427776
65,current,0,1,38,0.427904
65,current,0,1,39,0.428032
65,current,0,1,40,0.427904
65,current,0,1,41,0.420992
65,current,0,1,42,0.420992
65,current,0,1,43,0.420992
65,current,0,1,44,0.42112
65,current,0,1,45,0.567808
65,current,0,1,46,0.421632
65,current,0,1,47,0.4384
65,current,0,1,48,0.439296
65,current,0,1,49,0.4384
65,current,0,1,50,0.4384
65,current,0,1,51,0.434176
65,current,0,1,52,0.398848
65,current,0,1,53,0.399104
65,current,0,1,54,0.514176
65,current,0,1,55,0.399232
65,current,0,1,56,0.399104
65,current,0,1,57,0.399488
65,current,0,1,58,0.41472
65,current,0,1,59,0.414464
65,current,0,1,60,0.414592
65,current,0,1,61,0.414592
65,current,0,1,62,0.414592
65,current,0,1,63,0.447744
65,current,0,1,64,0.524928
65,current,0,1,65,0.441984
65,current,0,1,66,0.441984
65,current,0,1,67,0.442112
65,current,0,1,68,0.432512
65,current,0,1,69,0.402048
65,current,0,1,70,0.40192
65,current,0,1,71,0.402048
65,current,0,1,72,0.402048
65,current,0,1,73,0.517632
65,current,0,1,74,0.40512
65,current,0,1,75,0.438272
65,current,0,1,76,0.438272
65,current,0,1,77,0.438272
65,current,0,1,78,0.438272
65,current,0,1,79,0.438272
65,current,0,1,80,0.424704
65,current,0,1,81,0.424448
65,current,0,1,82,0.572416
65,current,0,1,83,0.424704
65,current,0,1,84,0.424448
65,current,0,1,85,0.412416
65,current,0,1,86,0.390272
65,current,0,1,87,0.390144
65,current,0,1,88,0.3904
65,current,0,1,89,0.390272
65,current,0,1,90,0.390272
65,current,0,1,91,0.3904
65,current,0,1,92,0.526976
65,current,0,1,93,0.453376
65,current,0,1,94,0.42112
65,current,0,1,95,0.42112
65,current,0,1,96,0.421632
65,current,0,1,97,0.409728
65,current,0,1,98,0.405248
65,current,0,1,99,0.404864
65,current,0,1,100,0.493952
65,current,0,1,101,0.404992
65,current,0,1,102,0.404992
65,current,0,1,103,0.391936
65,current,0,1,104,0.384768
65,current,0,1,105,0.384768
65,current,0,1,106,0.384768
65,current,0,1,107,0.384768
65,current,0,1,108,0.384896
65,current,0,1,109,0.388864
65,current,0,1,110,0.414464
65,current,0,1,111,0.534144
65,current,0,1,112,0.41536
65,current,0,1,113,0.414464
65,current,0,1,114,0.414464
65,current,0,1,115,0.395008
65,current,0,1,116,0.387456
65,current,0,1,117,0.387456
65,current,0,1,118,0.387584
65,current,0,1,119,0.387584
65,current,0,1,120,0.387456
65,current,0,1,121,0.471808
65,current,0,1,122,0.398848
65,current,0,1,123,0.398976
65,current,0,1,124,0.398976
65,current,0,1,125,0.398976
65,current,0,1,126,0.398976
65,current,0,1,127,0.433152
65,current,0,1,128,0.394752
65,current,0,1,129,0.393088
65,current,0,1,130,0.392832
65,current,0,1,131,0.509312
65,current,0,1,132,0.393216
65,current,0,1,133,0.389888
65,current,0,1,134,0.376704
65,current,0,1,135,0.376832
65,current,0,1,136,0.376832
65,current,0,1,137,0.376576
65,current,0,1,138,0.376832
65,current,0,1,139,0.376832
65,current,0,1,140,0.380672
65,current,0,1,141,0.382208
65,current,0,1,142,0.495744
65,current,0,1,143,0.38208
65,current,0,1,144,0.382848
65,current,0,1,145,0.381952
65,current,0,1,146,0.37248
65,current,0,1,147,0.371584
65,current,0,1,148,0.371584
65,current,0,1,149,0.37184
65,current,0,1,150,0.371584
65,current,0,1,151,0.371712
65,current,0,1,152,0.486144
65,current,0,1,153,0.374144
65,current,0,1,154,0.374272
65,current,0,1,155,0.374144
65,current,0,1,156,0.374144
65,current,0,1,157,0.374272
65,current,0,1,158,0.374016
65,current,0,1,159,0.371968
65,current,0,2,0,0.409728
65,current,0,2,1,0.417792
65,current,0,2,2,0.417664
65,current,0,2,3,0.417664
65,current,0,2,4,0.417792
65,current,0,2,5,0.417792
65,current,0,2,6,0.503552
65,current,0,2,7,0.421248
65,current,0,2,8,0.420992
65,current,0,2,9,0.42112
65,current,0,2,10,0.420864
65,current,0,2,11,0.42112
65,current,0,2,12,0.420864
65,current,0,2,13,0.42112
65,current,0,2,14,0.42112
65,current,0,2,15,0.420992
65,current,0,2,16,0.472448
65,current,0,2,17,0.465408
65,current,0,2,18,0.467968
65,current,0,2,19,0.417664
65,current,0,2,20,0.417792
65,current,0,2,21,0.417664
65,current,0,2,22,0.417792
65,current,0,2,23,0.50432
65,current,0,2,24,0.41472
65,current,0,2,25,0.414592
65,current,0,2,26,0.414464
65,current,0,2,27,0.414464
65,current,0,2,28,0.500992
65,current,0,2,29,0.41664
65,current,0,2,30,0.42112
65,current,0,2,31,0.420992
65,current,0,2,32,0.421888
65,current,0,2,33,0.538752
65,current,0,2,34,0.418048
65,current,0,2,35,0.40192
65,current,0,2,36,0.487936
65,current,0,2,37,0.402816
65,current,0,2,38,0.40192
65,current,0,2,39,0.437888
65,current,0,2,40,0.45056
65,current,0,2,41,0.398976
65,current,0,2,42,0.51584
65,current,0,2,43,0.399104
65,current,0,2,44,0.399104
65,current,0,2,45,0.398976
65,current,0,2,46,0.398976
65,current,0,2,47,0.465792
65,current,0,2,48,0.43264
65,current,0,2,49,0.398976
65,current,0,2,50,0.398976
65,current,0,2,51,0.398976
65,current,0,2,52,0.433536
65,current,0,2,53,0.443648
65,current,0,2,54,0.393344
65,current,0,2,55,0.393088
65,current,0,2,56,0.393216
65,current,0,2,57,0.393216
65,current,0,2,58,0.409472
65,current,0,2,59,0.515712
65,current,0,2,60,0.428032
65,current,0,2,61,0.427776
65,current,0,2,62,0.513024
65,current,0,2,63,0.463616
65,current,0,2,64,0.429184
65,current,0,2,65,0.428032
65,current,0,2,66,0.427904
65,current,0,2,67,0.427776
65,current,0,2,68,0.427776
65,current,0,2,69,0.42112
65,current,0,2,70,0.5024
65,current,0,2,71,0.414848
65,current,0,2,72,0.414336
65,current,0,2,73,0.414464
65,current,0,2,74,0.414464
65,current,0,2,75,0.509824
65,current,0,2,76,0.424448
65,current,0,2,77,0.424448
65,current,0,2,78,0.424448
65,current,0,2,79,0.424448
65,current,0,2,80,0.511488
65,current,0,2,81,0.424704
65,current,0,2,82,0.51008
65,current,0,2,83,0.424192
65,current,0,2,84,0.424448
65,current,0,2,85,0.424448
65,current,0,2,86,0.414592
65,current,0,2,87,0.495232
65,current,0,2,88,0.411392
65,current,0,2,89,0.443904
65,current,0,2,90,0.526336
65,current,0,2,91,0.413184
65,current,0,2,92,0.42432
65,current,0,2,93,0.42432
65,current,0,2,94,0.424576
65,current,0,2,95,0.512512
65,current,0,2,96,0.425472
65,current,0,2,97,0.415744
65,current,0,2,98,0.414464
65,current,0,2,99,0.50112
65,current,0,2,100,0.414592
65,current,0,2,101,0.414464
65,current,0,2,102,0.414336
65,current,0,2,103,0.405376
65,current,0,2,104,0.404864
65,current,0,2,105,0.404992
65,current,0,2,106,0.404992
65,current,0,2,107,0.404992
65,current,0,2,108,0.491264
65,current,0,2,109,0.464512
65,current,0,2,110,0.534016
65,current,0,2,111,0.445696
65,current,0,2,112,0.497152
65,current,0,2,113,0.445696
65,current,0,2,114,0.412288
65,current,0,2,115,0.411264
65,current,0,2,116,0.411136
65,current,0,2,117,0.411264
65,current,0,2,118,0.498304
65,current,0,2,119,0.41152
65,current,0,2,120,0.425088
65,current,0,2,121,0.427648
65,current,0,2,122,0.49536
65,current,0,2,123,0.479104
65,current,0,2,124,0.427904
65,current,0,2,125,0.418816
65,current,0,2,126,0.404992
65,current,0,2,127,0.471808
65,current,0,2,128,0.437376
65,current,0,2,129,0.489856
65,current,0,2,130,0.404096
65,current,0,2,131,0.390272
65,current,0,2,132,0.390272
65,current,0,2,133,0.390272
65,current,0,2,134,0.3904
65,current,0,2,135,0.390272
65,current,0,2,136,0.47424
65,current,0,2,137,0.48384
65,current,0,2,138,0.40832
65,current,0,2,139,0.408192
65,current,0,2,140,0.408064
65,current,0,2,141,0.407936
65,current,0,2,142,0.408192
65,current,0,2,143,0.52032
65,current,0,2,144,0.39744
65,current,0,2,145,0.396032
65,current,0,2,146,0.48128
65,current,0,2,147,0.39616
65,current,0,2,148,0.44416
65,current,0,2,149,0.387584
65,current,0,2,150,0.387456
65,current,0,2,151,0.387584
65,current,0,2,152,0.387456
65,current,0,2,153,0.387456
65,current,0,2,154,0.387712
65,current,0,2,155,0.481024
65,current,0,2,156,0.480256
65,current,0,2,157,0.396288
65,current,0,2,158,0.396032
65,current,0,2,159,0.480128
65,v14,0,3,0,0.518272
65,v14,0,3,1,0.393088
65,v14,0,3,2,0.398208
65,v14,0,3,3,0.414464
65,v14,0,3,4,0.415232
65,v14,0,3,5,0.414336
65,v14,0,3,6,0.537856
65,v14,0,3,7,0.417536
65,v14,0,3,8,0.499456
65,v14,0,3,9,0.40512
65,v14,0,3,10,0.495872
65,v14,0,3,11,0.404608
65,v14,0,3,12,0.404096
65,v14,0,3,13,0.401408
65,v14,0,3,14,0.38912
65,v14,0,3,15,0.38464
65,v14,0,3,16,0.393472
65,v14,0,3,17,0.387584
65,v14,0,3,18,0.477696
65,v14,0,3,19,0.38656
65,v14,0,3,20,0.407296
65,v14,0,3,21,0.417024
65,v14,0,3,22,0.4192
65,v14,0,3,23,0.507904
65,v14,0,3,24,0.41728
65,v14,0,3,25,0.413056
65,v14,0,3,26,0.402304
65,v14,0,3,27,0.438656
65,v14,0,3,28,0.492544
65,v14,0,3,29,0.40384
65,v14,0,3,30,0.40576
65,v14,0,3,31,0.40512
65,v14,0,3,32,0.412544
65,v14,0,3,33,0.404864
65,v14,0,3,34,0.404992
65,v14,0,3,35,0.40448
65,v14,0,3,36,0.404864
65,v14,0,3,37,0.4992
65,v14,0,3,38,0.406272
65,v14,0,3,39,0.406016
65,v14,0,3,40,0.404992
65,v14,0,3,41,0.404736
65,v14,0,3,42,0.405888
65,v14,0,3,43,0.41664
65,v14,0,3,44,0.418432
65,v14,0,3,45,0.418432
65,v14,0,3,46,0.417536
65,v14,0,3,47,0.506368
65,v14,0,3,48,0.421632
65,v14,0,3,49,0.436608
65,v14,0,3,50,0.435584
65,v14,0,3,51,0.43584
65,v14,0,3,52,0.435072
65,v14,0,3,53,0.436224
65,v14,0,3,54,0.435584
65,v14,0,3,55,0.42112
65,v14,0,3,56,0.419968
65,v14,0,3,57,0.421632
65,v14,0,3,58,0.519936
65,v14,0,3,59,0.422784
65,v14,0,3,60,0.418816
65,v14,0,3,61,0.415744
65,v14,0,3,62,0.41664
65,v14,0,3,63,0.415616
65,v14,0,3,64,0.422656
65,v14,0,3,65,0.416896
65,v14,0,3,66,0.500736
65,v14,0,3,67,0.407552
65,v14,0,3,68,0.408192
65,v14,0,3,69,0.409984
65,v14,0,3,70,0.405248
65,v14,0,3,71,0.405888
65,v14,0,3,72,0.411136
65,v14,0,3,73,0.413952
65,v14,0,3,74,0.413696
65,v14,0,3,75,0.411264
65,v14,0,3,76,0.44736
65,v14,0,3,77,0.500736
65,v14,0,3,78,0.436864
65,v14,0,3,79,0.431488
65,v14,0,3,80,0.434944
65,v14,0,3,81,0.432256
65,v14,0,3,82,0.4352
65,v14,0,3,83,0.411008
65,v14,0,3,84,0.39872
65,v14,0,3,85,0.39872
65,v14,0,3,86,0.506496
65,v14,0,3,87,0.435456
65,v14,0,3,88,0.399488
65,v14,0,3,89,0.399104
65,v14,0,3,90,0.401664
65,v14,0,3,91,0.40064
65,v14,0,3,92,0.398976
65,v14,0,3,93,0.398976
65,v14,0,3,94,0.398464
65,v14,0,3,95,0.404864
65,v14,0,3,96,0.469632
65,v14,0,3,97,0.52096
65,v14,0,3,98,0.434816
65,v14,0,3,99,0.43328
65,v14,0,3,100,0.428672
65,v14,0,3,101,0.408064
65,v14,0,3,102,0.411264
65,v14,0,3,103,0.40896
65,v14,0,3,104,0.408064
65,v14,0,3,105,0.52992
65,v14,0,3,106,0.416
65,v14,0,3,107,0.432
65,v14,0,3,108,0.431104
65,v14,0,3,109,0.430848
65,v14,0,3,110,0.433792
65,v14,0,3,111,0.430976
65,v14,0,3,112,0.431872
65,v14,0,3,113,0.41472
65,v14,0,3,114,0.5056
65,v14,0,3,115,0.41408
65,v14,0,3,116,0.41408
65,v14,0,3,117,0.415616
65,v14,0,3,118,0.409216
65,v14,0,3,119,0.408064
65,v14,0,3,120,0.408448
65,v14,0,3,121,0.410496
65,v14,0,3,122,0.40768
65,v14,0,3,123,0.407808
65,v14,0,3,124,0.507904
65,v14,0,3,125,0.436864
65,v14,0,3,126,0.434176
65,v14,0,3,127,0.434304
65,v14,0,3,128,0.438784
65,v14,0,3,129,0.429824
65,v14,0,3,130,0.424192
65,v14,0,3,131,0.42432
65,v14,0,3,132,0.426624
65,v14,0,3,133,0.42432
65,v14,0,3,134,0.546304
65,v14,0,3,135,0.418944
65,v14,0,3,136,0.417152
65,v14,0,3,137,0.41728
65,v14,0,3,138,0.417408
65,v14,0,3,139,0.41728
65,v14,0,3,140,0.41728
65,v14,0,3,141,0.409088
65,v14,0,3,142,0.40768
65,v14,0,3,143,0.476928
65,v14,0,3,144,0.441856
65,v14,0,3,145,0.40768
65,v14,0,3,146,0.40192
65,v14,0,3,147,0.390144
65,v14,0,3,148,0.390016
65,v14,0,3,149,0.390528
65,v14,0,3,150,0.390144
65,v14,0,3,151,0.390016
65,v14,0,3,152,0.390016
65,v14,0,3,153,0.4032
65,v14,0,3,154,0.579072
65,v14,0,3,155,0.42752
65,v14,0,3,156,0.427392
65,v14,0,3,157,0.42752
65,v14,0,3,158,0.419968
65,v14,0,3,159,0.407552
65,v14,1,0,0,0.374272
65,v14,1,0,1,0.371712
65,v14,1,0,2,0.372096
65,v14,1,0,3,0.371712
65,v14,1,0,4,0.371584
65,v14,1,0,5,0.37184
65,v14,1,0,6,0.371584
65,v14,1,0,7,0.515968
65,v14,1,0,8,0.384512
65,v14,1,0,9,0.435712
65,v14,1,0,10,0.385152
65,v14,1,0,11,0.384768
65,v14,1,0,12,0.38464
65,v14,1,0,13,0.399104
65,v14,1,0,14,0.396288
65,v14,1,0,15,0.483712
65,v14,1,0,16,0.395776
65,v14,1,0,17,0.396544
65,v14,1,0,18,0.390912
65,v14,1,0,19,0.408704
65,v14,1,0,20,0.409344
65,v14,1,0,21,0.410112
65,v14,1,0,22,0.411264
65,v14,1,0,23,0.40896
65,v14,1,0,24,0.409472
65,v14,1,0,25,0.486272
65,v14,1,0,26,0.482304
65,v14,1,0,27,0.429696
65,v14,1,0,28,0.428672
65,v14,1,0,29,0.430464
65,v14,1,0,30,0.425472
65,v14,1,0,31,0.41664
65,v14,1,0,32,0.487552
65,v14,1,0,33,0.480128
65,v14,1,0,34,0.411136
65,v14,1,0,35,0.418048
65,v14,1,0,36,0.398208
65,v14,1,0,37,0.395776
65,v14,1,0,38,0.396288
65,v14,1,0,39,0.391552
65,v14,1,0,40,0.395264
65,v14,1,0,41,0.392064
65,v14,1,0,42,0.47936
65,v14,1,0,43,0.508544
65,v14,1,0,44,0.426752
65,v14,1,0,45,0.42432
65,v14,1,0,46,0.423808
65,v14,1,0,47,0.421888
65,v14,1,0,48,0.41152
65,v14,1,0,49,0.406144
65,v14,1,0,50,0.41152
65,v14,1,0,51,0.441984
65,v14,1,0,52,0.492672
65,v14,1,0,53,0.402816
65,v14,1,0,54,0.391296
65,v14,1,0,55,0.392064
65,v14,1,0,56,0.39168
65,v14,1,0,57,0.395392
65,v14,1,0,58,0.388608
65,v14,1,0,59,0.401536
65,v14,1,0,60,0.4
65,v14,1,0,61,0.49088
65,v14,1,0,62,0.4
65,v14,1,0,63,0.398976
65,v14,1,0,64,0.403584
65,v14,1,0,65,0.40448
65,v14,1,0,66,0.407808
65,v14,1,0,67,0.415104
65,v14,1,0,68,0.411776
65,v14,1,0,69,0.410112
65,v14,1,0,70,0.4128
65,v14,1,0,71,0.485632
65,v14,1,0,72,0.474112
65,v14,1,0,73,0.424192
65,v14,1,0,74,0.423808
65,v14,1,0,75,0.425728
65,v14,1,0,76,0.423168
65,v14,1,0,77,0.414336
65,v14,1,0,78,0.413824
65,v14,1,0,79,0.413312
65,v14,1,0,80,0.448384
65,v14,1,0,81,0.500352
65,v14,1,0,82,0.413184
65,v14,1,0,83,0.394368
65,v14,1,0,84,0.397312
65,v14,1,0,85,0.395008
65,v14,1,0,86,0.395776
65,v14,1,0,87,0.396416
65,v14,1,0,88,0.396544
65,v14,1,0,89,0.406912
65,v14,1,0,90,0.407168
65,v14,1,0,91,0.533632
65,v14,1,0,92,0.411648
65,v14,1,0,93,0.412288
65,v14,1,0,94,0.41152
65,v14,1,0,95,0.406656
65,v14,1,0,96,0.412672
65,v14,1,0,97,0.41088
65,v14,1,0,98,0.410112
65,v14,1,0,99,0.408576
65,v14,1,0,100,0.431872
65,v14,1,0,101,0.48704
65,v14,1,0,102,0.400384
65,v14,1,0,103,0.39808
65,v14,1,0,104,0.398592
65,v14,1,0,105,0.397824
65,v14,1,0,106,0.409088
65,v14,1,0,107,0.410112
65,v14,1,0,108,0.415744
65,v14,1,0,109,0.410624
65,v14,1,0,110,0.414336
65,v14,1,0,111,0.564736
65,v14,1,0,112,0.440704
65,v14,1,0,113,0.441728
65,v14,1,0,114,0.442624
65,v14,1,0,115,0.434816
65,v14,1,0,116,0.436608
65,v14,1,0,117,0.412032
65,v14,1,0,118,0.407552
65,v14,1,0,119,0.40192
65,v14,1,0,120,0.55296
65,v14,1,0,121,0.401024
65,v14,1,0,122,0.398848
65,v14,1,0,123,0.406656
65,v14,1,0,124,0.400128
65,v14,1,0,125,0.400896
65,v14,1,0,126,0.39936
65,v14,1,0,127,0.4
65,v14,1,0,128,0.404352
65,v14,1,0,129,0.509184
65,v14,1,0,130,0.48704
65,v14,1,0,131,0.438272
65,v14,1,0,132,0.441216
65,v14,1,0,133,0.436096
65,v14,1,0,134,0.407808
65,v14,1,0,135,0.396416
65,v14,1,0,136,0.402304
65,v14,1,0,137,0.39552
65,v14,1,0,138,0.395008
65,v14,1,0,139,0.461824
65,v14,1,0,140,0.459264
65,v14,1,0,141,0.434048
65,v14,1,0,142,0.431104
65,v14,1,0,143,0.432128
65,v14,1,0,144,0.437248
65,v14,1,0,145,0.427904
65,v14,1,0,146,0.412544
65,v14,1,0,147,0.41152
65,v14,1,0,148,0.483328
65,v14,1,0,149,0.50048
65,v14,1,0,150,0.410752
65,v14,1,0,151,0.409856
65,v14,1,0,152,0.395264
65,v14,1,0,153,0.398464
65,v14,1,0,154,0.39616
65,v14,1,0,155,0.399488
65,v14,1,0,156,0.395008
65,v14,1,0,157,0.481792
65,v14,1,0,158,0.419328
65,v14,1,0,159,0.436992
65,current,1,1,0,0.398464
65,current,1,1,1,0.396032
65,current,1,1,2,0.387456
65,current,1,1,3,0.379392
65,current,1,1,4,0.379776
65,current,1,1,5,0.37952
65,current,1,1,6,0.379392
65,current,1,1,7,0.448128
65,current,1,1,8,0.43136
65,current,1,1,9,0.40192
65,current,1,1,10,0.405504
65,current,1,1,11,0.404992
65,current,1,1,12,0.40512
65,current,1,1,13,0.404992
65,current,1,1,14,0.402048
65,current,1,1,15,0.39296
65,current,1,1,16,0.396544
65,current,1,1,17,0.494592
65,current,1,1,18,0.4288
65,current,1,1,19,0.393088
65,current,1,1,20,0.377472
65,current,1,1,21,0.37184
65,current,1,1,22,0.37184
65,current,1,1,23,0.371712
65,current,1,1,24,0.371712
65,current,1,1,25,0.371456
65,current,1,1,26,0.371712
65,current,1,1,27,0.38976
65,current,1,1,28,0.514688
65,current,1,1,29,0.39616
65,current,1,1,30,0.396288
65,current,1,1,31,0.396032
65,current,1,1,32,0.394624
65,current,1,1,33,0.387584
65,current,1,1,34,0.387712
65,current,1,1,35,0.387712
65,current,1,1,36,0.387584
65,current,1,1,37,0.538112
65,current,1,1,38,0.386944
65,current,1,1,39,0.379392
65,current,1,1,40,0.379392
65,current,1,1,41,0.379392
65,current,1,1,42,0.37952
65,current,1,1,43,0.379392
65,current,1,1,44,0.379392
65,current,1,1,45,0.379392
65,current,1,1,46,0.37952
65,current,1,1,47,0.379392
65,current,1,1,48,0.416384
65,current,1,1,49,0.466688
65,current,1,1,50,0.379904
65,current,1,1,51,0.372096
65,current,1,1,52,0.371712
65,current,1,1,53,0.371968
65,current,1,1,54,0.37184
65,current,1,1,55,0.371712
65,current,1,1,56,0.371584
65,current,1,1,57,0.377216
65,current,1,1,58,0.517504
65,current,1,1,59,0.399232
65,current,1,1,60,0.399232
65,current,1,1,61,0.398848
65,current,1,1,62,0.398976
65,current,1,1,63,0.397952
65,current,1,1,64,0.399744
65,current,1,1,65,0.396288
65,current,1,1,66,0.396032
65,current,1,1,67,0.396416
65,current,1,1,68,0.39616
65,current,1,1,69,0.481536
65,current,1,1,70,0.393728
65,current,1,1,71,0.393472
65,current,1,1,72,0.393344
65,current,1,1,73,0.393088
65,current,1,1,74,0.393216
65,current,1,1,75,0.393088
65,current,1,1,76,0.393088
65,current,1,1,77,0.393216
65,current,1,1,78,0.426368
65,current,1,1,79,0.512
65,current,1,1,80,0.39552
65,current,1,1,81,0.390784
65,current,1,1,82,0.387328
65,current,1,1,83,0.387456
65,current,1,1,84,0.3872
65,current,1,1,85,0.387712
65,current,1,1,86,0.388096
65,current,1,1,87,0.387584
65,current,1,1,88,0.390272
65,current,1,1,89,0.509312
65,current,1,1,90,0.390912
65,current,1,1,91,0.390272
65,current,1,1,92,0.3904
65,current,1,1,93,0.390272
65,current,1,1,94,0.39552
65,current,1,1,95,0.396288
65,current,1,1,96,0.398464
65,current,1,1,97,0.396032
65,current,1,1,98,0.463488
65,current,1,1,99,0.444544
65,current,1,1,100,0.387584
65,current,1,1,101,0.387584
65,current,1,1,102,0.387712
65,current,1,1,103,0.3872
65,current,1,1,104,0.387328
65,current,1,1,105,0.387712
65,current,1,1,106,0.395648
65,current,1,1,107,0.396032
65,current,1,1,108,0.432256
65,current,1,1,109,0.447488
65,current,1,1,110,0.39616
65,current,1,1,111,0.396032
65,current,1,1,112,0.40768
65,current,1,1,113,0.40512
65,current,1,1,114,0.404992
65,current,1,1,115,0.404992
65,current,1,1,116,0.405632
65,current,1,1,117,0.405504
65,current,1,1,118,0.39936
65,current,1,1,119,0.519552
65,current,1,1,120,0.399232
65,current,1,1,121,0.399104
65,current,1,1,122,0.398976
65,current,1,1,123,0.398976
65,current,1,1,124,0.399744
65,current,1,1,125,0.398848
65,current,1,1,126,0.398976
65,current,1,1,127,0.398848
65,current,1,1,128,0.437248
65,current,1,1,129,0.479488
65,current,1,1,130,0.42304
65,current,1,1,131,0.428544
65,current,1,1,132,0.428032
65,current,1,1,133,0.427776
65,current,1,1,134,0.42816
65,current,1,1,135,0.39936
65,current,1,1,136,0.390144
65,current,1,1,137,0.390272
65,current,1,1,138,0.458752
65,current,1,1,139,0.472832
65,current,1,1,140,0.390528
65,current,1,1,141,0.393216
65,current,1,1,142,0.396288
65,current,1,1,143,0.396288
65,current,1,1,144,0.398848
65,current,1,1,145,0.396032
65,current,1,1,146,0.395904
65,current,1,1,147,0.401152
65,current,1,1,148,0.496128
65,current,1,1,149,0.408704
65,current,1,1,150,0.408192
65,current,1,1,151,0.408064
65,current,1,1,152,0.408448
65,current,1,1,153,0.409728
65,current,1,1,154,0.411776
65,current,1,1,155,0.411264
65,current,1,1,156,0.412032
65,current,1,1,157,0.496384
65,current,1,1,158,0.411264
65,current,1,1,159,0.422016
65,current,1,2,0,0.409728
65,current,1,2,1,0.407936
65,current,1,2,2,0.397056
65,current,1,2,3,0.393472
65,current,1,2,4,0.393088
65,current,1,2,5,0.460544
65,current,1,2,6,0.445312
65,current,1,2,7,0.39424
65,current,1,2,8,0.391296
65,current,1,2,9,0.390272
65,current,1,2,10,0.390656
65,current,1,2,11,0.390528
65,current,1,2,12,0.390528
65,current,1,2,13,0.390272
65,current,1,2,14,0.39488
65,current,1,2,15,0.41216
65,current,1,2,16,0.46336
65,current,1,2,17,0.411392
65,current,1,2,18,0.413056
65,current,1,2,19,0.411392
65,current,1,2,20,0.388224
65,current,1,2,21,0.384896
65,current,1,2,22,0.38528
65,current,1,2,23,0.384768
65,current,1,2,24,0.384896
65,current,1,2,25,0.453632
65,current,1,2,26,0.480768
65,current,1,2,27,0.414592
65,current,1,2,28,0.414464
65,current,1,2,29,0.414464
65,current,1,2,30,0.41664
65,current,1,2,31,0.414464
65,current,1,2,32,0.398464
65,current,1,2,33,0.396544
65,current,1,2,34,0.48896
65,current,1,2,35,0.396032
65,current,1,2,36,0.396032
65,current,1,2,37,0.396032
65,current,1,2,38,0.379136
65,current,1,2,39,0.376832
65,current,1,2,40,0.376704
65,current,1,2,41,0.376832
65,current,1,2,42,0.376832
65,current,1,2,43,0.376704
65,current,1,2,44,0.38848
65,current,1,2,45,0.443136
65,current,1,2,46,0.496384
65,current,1,2,47,0.408448
65,current,1,2,48,0.410368
65,current,1,2,49,0.408192
65,current,1,2,50,0.385024
65,current,1,2,51,0.385024
65,current,1,2,52,0.385024
65,current,1,2,53,0.38464
65,current,1,2,54,0.385024
65,current,1,2,55,0.452224
65,current,1,2,56,0.43968
65,current,1,2,57,0.398976
65,current,1,2,58,0.398848
65,current,1,2,59,0.398976
65,current,1,2,60,0.399104
65,current,1,2,61,0.398976
65,current,1,2,62,0.393984
65,current,1,2,63,0.390272
65,current,1,2,64,0.393984
65,current,1,2,65,0.507904
65,current,1,2,66,0.390656
65,current,1,2,67,0.391808
65,current,1,2,68,0.375168
65,current,1,2,69,0.37184
65,current,1,2,70,0.371712
65,current,1,2,71,0.371456
65,current,1,2,72,0.371712
65,current,1,2,73,0.371712
65,current,1,2,74,0.374016
65,current,1,2,75,0.405376
65,current,1,2,76,0.523776
65,current,1,2,77,0.405248
65,current,1,2,78,0.404992
65,current,1,2,79,0.405376
65,current,1,2,80,0.399872
65,current,1,2,81,0.39296
65,current,1,2,82,0.393472
65,current,1,2,83,0.393088
65,current,1,2,84,0.393216
65,current,1,2,85,0.51136
65,current,1,2,86,0.390912
65,current,1,2,87,0.384768
65,current,1,2,88,0.38464
65,current,1,2,89,0.38464
65,current,1,2,90,0.38528
65,current,1,2,91,0.384768
65,current,1,2,92,0.384768
65,current,1,2,93,0.384896
65,current,1,2,94,0.384896
65,current,1,2,95,0.385024
65,current,1,2,96,0.538624
65,current,1,2,97,0.385152
65,current,1,2,98,0.37952
65,current,1,2,99,0.371584
65,current,1,2,100,0.371968
65,current,1,2,101,0.37184
65,current,1,2,102,0.372096
65,current,1,2,103,0.371584
65,current,1,2,104,0.371712
65,current,1,2,105,0.386688
65,current,1,2,106,0.464512
65,current,1,2,107,0.447616
65,current,1,2,108,0.39616
65,current,1,2,109,0.396032
65,current,1,2,110,0.396288
65,current,1,2,111,0.394368
65,current,1,2,112,0.395264
65,current,1,2,113,0.3936
65,current,1,2,114,0.393088
65,current,1,2,115,0.393344
65,current,1,2,116,0.460032
65,current,1,2,117,0.470912
65,current,1,2,118,0.384896
65,current,1,2,119,0.384768
65,current,1,2,120,0.384768
65,current,1,2,121,0.385408
65,current,1,2,122,0.384768
65,current,1,2,123,0.384896
65,current,1,2,124,0.38464
65,current,1,2,125,0.38592
65,current,1,2,126,0.41664
65,current,1,2,127,0.470016
65,current,1,2,128,0.387456
65,current,1,2,129,0.39424
65,current,1,2,130,0.40192
65,current,1,2,131,0.40192
65,current,1,2,132,0.40192
65,current,1,2,133,0.402944
65,current,1,2,134,0.40192
65,current,1,2,135,0.393344
65,current,1,2,136,0.475264
65,current,1,2,137,0.38784
65,current,1,2,138,0.387456
65,current,1,2,139,0.387456
65,current,1,2,140,0.387328
65,current,1,2,141,0.390912
65,current,1,2,142,0.402176
65,current,1,2,143,0.40192
65,current,1,2,144,0.40448
65,current,1,2,145,0.40192
65,current,1,2,146,0.472704
65,current,1,2,147,0.452224
65,current,1,2,148,0.399104
65,current,1,2,149,0.398848
65,current,1,2,150,0.398976
65,current,1,2,151,0.399104
65,current,1,2,152,0.399488
65,current,1,2,153,0.397696
65,current,1,2,154,0.396032
65,current,1,2,155,0.39616
65,current,1,2,156,0.518016
65,current,1,2,157,0.396672
65,current,1,2,158,0.396288
65,current,1,2,159,0.396032
65,v14,1,3,0,0.39552
65,v14,1,3,1,0.39296
65,v14,1,3,2,0.39296
65,v14,1,3,3,0.480384
65,v14,1,3,4,0.390144
65,v14,1,3,5,0.390016
65,v14,1,3,6,0.390144
65,v14,1,3,7,0.389888
65,v14,1,3,8,0.480128
65,v14,1,3,9,0.410752
65,v14,1,3,10,0.41088
65,v14,1,3,11,0.410624
65,v14,1,3,12,0.411136
65,v14,1,3,13,0.4992
65,v14,1,3,14,0.410752
65,v14,1,3,15,0.448512
65,v14,1,3,16,0.413824
65,v14,1,3,17,0.410752
65,v14,1,3,18,0.411648
65,v14,1,3,19,0.410752
65,v14,1,3,20,0.404224
65,v14,1,3,21,0.478592
65,v14,1,3,22,0.393216
65,v14,1,3,23,0.479616
65,v14,1,3,24,0.393216
65,v14,1,3,25,0.392832
65,v14,1,3,26,0.391808
65,v14,1,3,27,0.390144
65,v14,1,3,28,0.390144
65,v14,1,3,29,0.51328
65,v14,1,3,30,0.391808
65,v14,1,3,31,0.390144
65,v14,1,3,32,0.395904
65,v14,1,3,33,0.434176
65,v14,1,3,34,0.448
65,v14,1,3,35,0.395648
65,v14,1,3,36,0.395648
65,v14,1,3,37,0.3968
65,v14,1,3,38,0.387712
65,v14,1,3,39,0.38464
65,v14,1,3,40,0.38464
65,v14,1,3,41,0.385536
65,v14,1,3,42,0.472064
65,v14,1,3,43,0.472576
65,v14,1,3,44,0.392576
65,v14,1,3,45,0.50944
65,v14,1,3,46,0.420352
65,v14,1,3,47,0.42048
65,v14,1,3,48,0.424192
65,v14,1,3,49,0.418816
65,v14,1,3,50,0.395776
65,v14,1,3,51,0.396032
65,v14,1,3,52,0.396544
65,v14,1,3,53,0.48384
65,v14,1,3,54,0.395904
65,v14,1,3,55,0.397056
65,v14,1,3,56,0.393216
65,v14,1,3,57,0.392832
65,v14,1,3,58,0.429184
65,v14,1,3,59,0.44736
65,v14,1,3,60,0.392832
65,v14,1,3,61,0.392832
65,v14,1,3,62,0.395136
65,v14,1,3,63,0.465408
65,v14,1,3,64,0.429824
65,v14,1,3,65,0.482176
65,v14,1,3,66,0.397696
65,v14,1,3,67,0.388864
65,v14,1,3,68,0.379264
65,v14,1,3,69,0.379264
65,v14,1,3,70,0.380288
65,v14,1,3,71,0.414848
65,v14,1,3,72,0.43008
65,v14,1,3,73,0.413824
65,v14,1,3,74,0.452608
65,v14,1,3,75,0.407936
65,v14,1,3,76,0.40768
65,v14,1,3,77,0.408064
65,v14,1,3,78,0.494592
65,v14,1,3,79,0.40448
65,v14,1,3,80,0.489472
65,v14,1,3,81,0.396928
65,v14,1,3,82,0.482176
65,v14,1,3,83,0.395648
65,v14,1,3,84,0.396416
65,v14,1,3,85,0.386688
65,v14,1,3,86,0.376704
65,v14,1,3,87,0.376704
65,v14,1,3,88,0.37696
65,v14,1,3,89,0.377216
65,v14,1,3,90,0.464768
65,v14,1,3,91,0.380032
65,v14,1,3,92,0.502912
65,v14,1,3,93,0.411008
65,v14,1,3,94,0.445696
65,v14,1,3,95,0.462976
65,v14,1,3,96,0.414208
65,v14,1,3,97,0.391424
65,v14,1,3,98,0.384512
65,v14,1,3,99,0.38464
65,v14,1,3,100,0.385024
65,v14,1,3,101,0.384512
65,v14,1,3,102,0.38464
65,v14,1,3,103,0.473856
65,v14,1,3,104,0.39488
65,v14,1,3,105,0.395648
65,v14,1,3,106,0.395648
65,v14,1,3,107,0.429824
65,v14,1,3,108,0.4832
65,v14,1,3,109,0.394752
65,v14,1,3,110,0.393216
65,v14,1,3,111,0.39296
65,v14,1,3,112,0.463488
65,v14,1,3,113,0.476032
65,v14,1,3,114,0.480128
65,v14,1,3,115,0.372096
65,v14,1,3,116,0.371584
65,v14,1,3,117,0.371712
65,v14,1,3,118,0.371968
65,v14,1,3,119,0.458752
65,v14,1,3,120,0.37248
65,v14,1,3,121,0.374784
65,v14,1,3,122,0.468096
65,v14,1,3,123,0.381952
65,v14,1,3,124,0.38208
65,v14,1,3,125,0.382336
65,v14,1,3,126,0.381952
65,v14,1,3,127,0.467328
65,v14,1,3,128,0.382336
65,v14,1,3,129,0.379648
65,v14,1,3,130,0.379648
65,v14,1,3,131,0.37952
65,v14,1,3,132,0.379648
65,v14,1,3,133,0.470528
65,v14,1,3,134,0.379392
65,v14,1,3,135,0.379392
65,v14,1,3,136,0.379264
65,v14,1,3,137,0.379264
65,v14,1,3,138,0.379648
65,v14,1,3,139,0.379264
65,v14,1,3,140,0.386432
65,v14,1,3,141,0.481792
65,v14,1,3,142,0.392832
65,v14,1,3,143,0.480128
65,v14,1,3,144,0.396032
65,v14,1,3,145,0.479488
65,v14,1,3,146,0.379776
65,v14,1,3,147,0.379264
65,v14,1,3,148,0.37952
65,v14,1,3,149,0.379648
65,v14,1,3,150,0.379392
65,v14,1,3,151,0.379264
65,v14,1,3,152,0.384768
65,v14,1,3,153,0.392832
65,v14,1,3,154,0.392704
65,v14,1,3,155,0.462592
65,v14,1,3,156,0.4448
65,v14,1,3,157,0.392704
65,v14,1,3,158,0.48128
65,v14,1,3,159,0.392832
65,v14,2,0,0,0.407552
65,v14,2,0,1,0.404992
65,v14,2,0,2,0.492928
65,v14,2,0,3,0.40512
65,v14,2,0,4,0.410752
65,v14,2,0,5,0.41088
65,v14,2,0,6,0.41088
65,v14,2,0,7,0.411264
65,v14,2,0,8,0.410752
65,v14,2,0,9,0.411648
65,v14,2,0,10,0.41408
65,v14,2,0,11,0.413952
65,v14,2,0,12,0.414208
65,v14,2,0,13,0.44992
65,v14,2,0,14,0.465792
65,v14,2,0,15,0.419456
65,v14,2,0,16,0.433152
65,v14,2,0,17,0.43072
65,v14,2,0,18,0.43072
65,v14,2,0,19,0.430848
65,v14,2,0,20,0.431104
65,v14,2,0,21,0.438144
65,v14,2,0,22,0.490624
65,v14,2,0,23,0.404608
65,v14,2,0,24,0.404608
65,v14,2,0,25,0.404608
65,v14,2,0,26,0.404352
65,v14,2,0,27,0.401664
65,v14,2,0,28,0.401536
65,v14,2,0,29,0.401664
65,v14,2,0,30,0.401664
65,v14,2,0,31,0.401664
65,v14,2,0,32,0.490752
65,v14,2,0,33,0.427008
65,v14,2,0,34,0.430976
65,v14,2,0,35,0.43072
65,v14,2,0,36,0.431104
65,v14,2,0,37,0.430592
65,v14,2,0,38,0.414848
65,v14,2,0,39,0.401408
65,v14,2,0,40,0.401664
65,v14,2,0,41,0.401536
65,v14,2,0,42,0.519552
65,v14,2,0,43,0.402176
65,v14,2,0,44,0.406272
65,v14,2,0,45,0.41408
65,v14,2,0,46,0.414592
65,v14,2,0,47,0.413952
65,v14,2,0,48,0.41664
65,v14,2,0,49,0.413952
65,v14,2,0,50,0.413952
65,v14,2,0,51,0.495104
65,v14,2,0,52,0.407552
65,v14,2,0,53,0.40768
65,v14,2,0,54,0.407936
65,v14,2,0,55,0.40768
65,v14,2,0,56,0.408064
65,v14,2,0,57,0.408192
65,v14,2,0,58,0.407936
65,v14,2,0,59,0.407808
65,v14,2,0,60,0.40768
65,v14,2,0,61,0.494464
65,v14,2,0,62,0.417664
65,v14,2,0,63,0.427904
65,v14,2,0,64,0.42944
65,v14,2,0,65,0.427392
65,v14,2,0,66,0.427776
65,v14,2,0,67,0.425344
65,v14,2,0,68,0.411264
65,v14,2,0,69,0.410624
65,v14,2,0,70,0.444928
65,v14,2,0,71,0.462336
65,v14,2,0,72,0.41088
65,v14,2,0,73,0.410496
65,v14,2,0,74,0.407936
65,v14,2,0,75,0.407936
65,v14,2,0,76,0.40768
65,v14,2,0,77,0.407808
65,v14,2,0,78,0.407808
65,v14,2,0,79,0.40768
65,v14,2,0,80,0.45696
65,v14,2,0,81,0.54016
65,v14,2,0,82,0.420736
65,v14,2,0,83,0.42048
65,v14,2,0,84,0.420736
65,v14,2,0,85,0.39232
65,v14,2,0,86,0.387072
65,v14,2,0,87,0.387328
65,v14,2,0,88,0.3872
65,v14,2,0,89,0.387968
65,v14,2,0,90,0.473216
65,v14,2,0,91,0.396672
65,v14,2,0,92,0.420992
65,v14,2,0,93,0.42112
65,v14,2,0,94,0.42048
65,v14,2,0,95,0.420992
65,v14,2,0,96,0.422656
65,v14,2,0,97,0.40768
65,v14,2,0,98,0.407552
65,v14,2,0,99,0.408448
65,v14,2,0,100,0.478208
65,v14,2,0,101,0.460032
65,v14,2,0,102,0.408192
65,v14,2,0,103,0.397312
65,v14,2,0,104,0.395776
65,v14,2,0,105,0.433152
65,v14,2,0,106,0.448
65,v14,2,0,107,0.395776
65,v14,2,0,108,0.394368
65,v14,2,0,109,0.422144
65,v14,2,0,110,0.439296
65,v14,2,0,111,0.3872
65,v14,2,0,112,0.390144
65,v14,2,0,113,0.3872
65,v14,2,0,114,0.387456
65,v14,2,0,115,0.38464
65,v14,2,0,116,0.384768
65,v14,2,0,117,0.38528
65,v14,2,0,118,0.384896
65,v14,2,0,119,0.38464
65,v14,2,0,120,0.38464
65,v14,2,0,121,0.39488
65,v14,2,0,122,0.512
65,v14,2,0,123,0.423936
65,v14,2,0,124,0.424704
65,v14,2,0,125,0.424192
65,v14,2,0,126,0.423808
65,v14,2,0,127,0.410752
65,v14,2,0,128,0.41408
65,v14,2,0,129,0.410752
65,v14,2,0,130,0.5344
65,v14,2,0,131,0.411264
65,v14,2,0,132,0.401664
65,v14,2,0,133,0.38464
65,v14,2,0,134,0.384512
65,v14,2,0,135,0.38592
65,v14,2,0,136,0.384512
65,v14,2,0,137,0.384512
65,v14,2,0,138,0.384896
65,v14,2,0,139,0.40832
65,v14,2,0,140,0.480512
65,v14,2,0,141,0.462464
65,v14,2,0,142,0.411264
65,v14,2,0,143,0.411008
65,v14,2,0,144,0.40768
65,v14,2,0,145,0.39936
65,v14,2,0,146,0.398976
65,v14,2,0,147,0.39872
65,v14,2,0,148,0.398592
65,v14,2,0,149,0.399744
65,v14,2,0,150,0.43456
65,v14,2,0,151,0.444544
65,v14,2,0,152,0.392832
65,v14,2,0,153,0.392832
65,v14,2,0,154,0.392832
65,v14,2,0,155,0.392832
65,v14,2,0,156,0.39296
65,v14,2,0,157,0.3936
65,v14,2,0,158,0.392832
65,v14,2,0,159,0.392832
65,current,2,1,0,0.397312
65,current,2,1,1,0.479488
65,current,2,1,2,0.393472
65,current,2,1,3,0.391808
65,current,2,1,4,0.390656
65,current,2,1,5,0.390272
65,current,2,1,6,0.3904
65,current,2,1,7,0.390272
65,current,2,1,8,0.390272
65,current,2,1,9,0.39168
65,current,2,1,10,0.40832
65,current,2,1,11,0.40832
65,current,2,1,12,0.528768
65,current,2,1,13,0.408704
65,current,2,1,14,0.408192
65,current,2,1,15,0.407168
65,current,2,1,16,0.490752
65,current,2,1,17,0.402048
65,current,2,1,18,0.402432
65,current,2,1,19,0.40192
65,current,2,1,20,0.489216
65,current,2,1,21,0.395264
65,current,2,1,22,0.387712
65,current,2,1,23,0.387584
65,current,2,1,24,0.387328
65,current,2,1,25,0.387328
65,current,2,1,26,0.387712
65,current,2,1,27,0.393472
65,current,2,1,28,0.405376
65,current,2,1,29,0.40512
65,current,2,1,30,0.405248
65,current,2,1,31,0.558976
65,current,2,1,32,0.408576
65,current,2,1,33,0.416384
65,current,2,1,34,0.420992
65,current,2,1,35,0.42112
65,current,2,1,36,0.421376
65,current,2,1,37,0.421248
65,current,2,1,38,0.42112
65,current,2,1,39,0.403968
65,current,2,1,40,0.3968
65,current,2,1,41,0.464256
65,current,2,1,42,0.446976
65,current,2,1,43,0.395904
65,current,2,1,44,0.396032
65,current,2,1,45,0.398464
65,current,2,1,46,0.399104
65,current,2,1,47,0.400128
65,current,2,1,48,0.40192
65,current,2,1,49,0.398976
65,current,2,1,50,0.39936
65,current,2,1,51,0.480512
65,current,2,1,52,0.393088
65,current,2,1,53,0.393216
65,current,2,1,54,0.393728
65,current,2,1,55,0.393472
65,current,2,1,56,0.393088
65,current,2,1,57,0.40832
65,current,2,1,58,0.411776
65,current,2,1,59,0.41152
65,current,2,1,60,0.411264
65,current,2,1,61,0.531328
65,current,2,1,62,0.411648
65,current,2,1,63,0.430592
65,current,2,1,64,0.433664
65,current,2,1,65,0.431616
65,current,2,1,66,0.43136
65,current,2,1,67,0.43136
65,current,2,1,68,0.406144
65,current,2,1,69,0.39616
65,current,2,1,70,0.463616
65,current,2,1,71,0.447232
65,current,2,1,72,0.39616
65,current,2,1,73,0.39616
65,current,2,1,74,0.396032
65,current,2,1,75,0.396288
65,current,2,1,76,0.395904
65,current,2,1,77,0.39616
65,current,2,1,78,0.396032
65,current,2,1,79,0.396416
65,current,2,1,80,0.48
65,current,2,1,81,0.511744
65,current,2,1,82,0.42816
65,current,2,1,83,0.427904
65,current,2,1,84,0.427904
65,current,2,1,85,0.413696
65,current,2,1,86,0.387456
65,current,2,1,87,0.387456
65,current,2,1,88,0.387584
65,current,2,1,89,0.388864
65,current,2,1,90,0.455168
65,current,2,1,91,0.438016
65,current,2,1,92,0.42816
65,current,2,1,93,0.42816
65,current,2,1,94,0.427904
65,current,2,1,95,0.427904
65,current,2,1,96,0.430464
65,current,2,1,97,0.427904
65,current,2,1,98,0.510208
65,current,2,1,99,0.413056
65,current,2,1,100,0.411136
65,current,2,1,101,0.411392
65,current,2,1,102,0.412032
65,current,2,1,103,0.407424
65,current,2,1,104,0.40192
65,current,2,1,105,0.402048
65,current,2,1,106,0.403072
65,current,2,1,107,0.40192
65,current,2,1,108,0.402048
65,current,2,1,109,0.530688
65,current,2,1,110,0.42496
65,current,2,1,111,0.424576
65,current,2,1,112,0.426368
65,current,2,1,113,0.425728
65,current,2,1,114,0.42432
65,current,2,1,115,0.402432
65,current,2,1,116,0.403072
65,current,2,1,117,0.401792
65,current,2,1,118,0.437248
65,current,2,1,119,0.45248
65,current,2,1,120,0.402816
65,current,2,1,121,0.407936
65,current,2,1,122,0.41472
65,current,2,1,123,0.415616
65,current,2,1,124,0.414848
65,current,2,1,125,0.41472
65,current,2,1,126,0.414976
65,current,2,1,127,0.413056
65,current,2,1,128,0.53248
65,current,2,1,129,0.41152
65,current,2,1,130,0.412928
65,current,2,1,131,0.411392
65,current,2,1,132,0.400512
65,current,2,1,133,0.388096
65,current,2,1,134,0.388352
65,current,2,1,135,0.387456
65,current,2,1,136,0.387328
65,current,2,1,137,0.38784
65,current,2,1,138,0.387584
65,current,2,1,139,0.555008
65,current,2,1,140,0.42304
65,current,2,1,141,0.422144
65,current,2,1,142,0.42112
65,current,2,1,143,0.420992
65,current,2,1,144,0.408832
65,current,2,1,145,0.402176
65,current,2,1,146,0.40192
65,current,2,1,147,0.4032
65,current,2,1,148,0.47168
65,current,2,1,149,0.453632
65,current,2,1,150,0.393216
65,current,2,1,151,0.391552
65,current,2,1,152,0.3904
65,current,2,1,153,0.390144
65,current,2,1,154,0.390912
65,current,2,1,155,0.391168
65,current,2,1,156,0.3904
65,current,2,1,157,0.390272
65,current,2,1,158,0.391936
65,current,2,1,159,0.507008
65,current,2,2,0,0.408192
65,current,2,2,1,0.405504
65,current,2,2,2,0.404864
65,current,2,2,3,0.394624
65,current,2,2,4,0.393344
65,current,2,2,5,0.393216
65,current,2,2,6,0.393344
65,current,2,2,7,0.393088
65,current,2,2,8,0.393856
65,current,2,2,9,0.483328
65,current,2,2,10,0.417792
65,current,2,2,11,0.418944
65,current,2,2,12,0.417792
65,current,2,2,13,0.41792
65,current,2,2,14,0.417664
65,current,2,2,15,0.41024
65,current,2,2,16,0.41088
65,current,2,2,17,0.408064
65,current,2,2,18,0.409088
65,current,2,2,19,0.528256
65,current,2,2,20,0.398464
65,current,2,2,21,0.384768
65,current,2,2,22,0.38464
65,current,2,2,23,0.385024
65,current,2,2,24,0.384768
65,current,2,2,25,0.384768
65,current,2,2,26,0.384896
65,current,2,2,27,0.39296
65,current,2,2,28,0.3936
65,current,2,2,29,0.4608
65,current,2,2,30,0.475392
65,current,2,2,31,0.393344
65,current,2,2,32,0.396032
65,current,2,2,33,0.390528
65,current,2,2,34,0.3904
65,current,2,2,35,0.390784
65,current,2,2,36,0.390272
65,current,2,2,37,0.390144
65,current,2,2,38,0.390528
65,current,2,2,39,0.453376
65,current,2,2,40,0.436096
65,current,2,2,41,0.385024
65,current,2,2,42,0.385408
65,current,2,2,43,0.385024
65,current,2,2,44,0.385024
65,current,2,2,45,0.393984
65,current,2,2,46,0.39616
65,current,2,2,47,0.395904
65,current,2,2,48,0.398592
65,current,2,2,49,0.484096
65,current,2,2,50,0.3968
65,current,2,2,51,0.396544
65,current,2,2,52,0.396032
65,current,2,2,53,0.396416
65,current,2,2,54,0.396416
65,current,2,2,55,0.395904
65,current,2,2,56,0.39616
65,current,2,2,57,0.402944
65,current,2,2,58,0.404992
65,current,2,2,59,0.473472
65,current,2,2,60,0.458752
65,current,2,2,61,0.404992
65,current,2,2,62,0.405504
65,current,2,2,63,0.40192
65,current,2,2,64,0.406144
65,current,2,2,65,0.402048
65,current,2,2,66,0.40192
65,current,2,2,67,0.402432
65,current,2,2,68,0.436224
65,current,2,2,69,0.453248
65,current,2,2,70,0.399744
65,current,2,2,71,0.39936
65,current,2,2,72,0.399104
65,current,2,2,73,0.398848
65,current,2,2,74,0.399104
65,current,2,2,75,0.40768
65,current,2,2,76,0.408192
65,current,2,2,77,0.408192
65,current,2,2,78,0.408064
65,current,2,2,79,0.408064
65,current,2,2,80,0.478848
65,current,2,2,81,0.503424
65,current,2,2,82,0.431616
65,current,2,2,83,0.483584
65,current,2,2,84,0.431232
65,current,2,2,85,0.431232
65,current,2,2,86,0.399744
65,current,2,2,87,0.393088
65,current,2,2,88,0.480512
65,current,2,2,89,0.393216
65,current,2,2,90,0.393344
65,current,2,2,91,0.393344
65,current,2,2,92,0.399872
65,current,2,2,93,0.40512
65,current,2,2,94,0.404864
65,current,2,2,95,0.40512
65,current,2,2,96,0.40768
65,current,2,2,97,0.440576
65,current,2,2,98,0.455936
65,current,2,2,99,0.402048
65,current,2,2,100,0.40192
65,current,2,2,101,0.402048
65,current,2,2,102,0.40192
65,current,2,2,103,0.40192
65,current,2,2,104,0.39936
65,current,2,2,105,0.399232
65,current,2,2,106,0.399104
65,current,2,2,107,0.399104
65,current,2,2,108,0.433536
65,current,2,2,109,0.486528
65,current,2,2,110,0.425088
65,current,2,2,111,0.43136
65,current,2,2,112,0.434688
65,current,2,2,113,0.431232
65,current,2,2,114,0.431616
65,current,2,2,115,0.408192
65,current,2,2,116,0.393216
65,current,2,2,117,0.393216
65,current,2,2,118,0.513792
65,current,2,2,119,0.3936
65,current,2,2,120,0.393088
65,current,2,2,121,0.39424
65,current,2,2,122,0.396544
65,current,2,2,123,0.396032
65,current,2,2,124,0.396032
65,current,2,2,125,0.396544
65,current,2,2,126,0.396032
65,current,2,2,127,0.396032
65,current,2,2,128,0.516352
65,current,2,2,129,0.4288
65,current,2,2,130,0.427776
65,current,2,2,131,0.428032
65,current,2,2,132,0.424576
65,current,2,2,133,0.393216
65,current,2,2,134,0.393216
65,current,2,2,135,0.393088
65,current,2,2,136,0.393472
65,current,2,2,137,0.46016
65,current,2,2,138,0.444032
65,current,2,2,139,0.420224
65,current,2,2,140,0.42432
65,current,2,2,141,0.424576
65,current,2,2,142,0.425344
65,current,2,2,143,0.424832
65,current,2,2,144,0.426624
65,current,2,2,145,0.4224
65,current,2,2,146,0.498816
65,current,2,2,147,0.411392
65,current,2,2,148,0.411392
65,current,2,2,149,0.412928
65,current,2,2,150,0.407552
65,current,2,2,151,0.402048
65,current,2,2,152,0.402048
65,current,2,2,153,0.402304
65,current,2,2,154,0.40192
65,current,2,2,155,0.402048
65,current,2,2,156,0.492672
65,current,2,2,157,0.425344
65,current,2,2,158,0.424448
65,current,2,2,159,0.425216
65,v14,2,3,0,0.401408
65,v14,2,3,1,0.39872
65,v14,2,3,2,0.399616
65,v14,2,3,3,0.398848
65,v14,2,3,4,0.398592
65,v14,2,3,5,0.400256
65,v14,2,3,6,0.467712
65,v14,2,3,7,0.466688
65,v14,2,3,8,0.397184
65,v14,2,3,9,0.391936
65,v14,2,3,10,0.387328
65,v14,2,3,11,0.387328
65,v14,2,3,12,0.38848
65,v14,2,3,13,0.387584
65,v14,2,3,14,0.39296
65,v14,2,3,15,0.395648
65,v14,2,3,16,0.467584
65,v14,2,3,17,0.480256
65,v14,2,3,18,0.396032
65,v14,2,3,19,0.389632
65,v14,2,3,20,0.374144
65,v14,2,3,21,0.3744
65,v14,2,3,22,0.374016
65,v14,2,3,23,0.375168
65,v14,2,3,24,0.374144
65,v14,2,3,25,0.374144
65,v14,2,3,26,0.471168
65,v14,2,3,27,0.411648
65,v14,2,3,28,0.411136
65,v14,2,3,29,0.410752
65,v14,2,3,30,0.411136
65,v14,2,3,31,0.41088
65,v14,2,3,32,0.409472
65,v14,2,3,33,0.40832
65,v14,2,3,34,0.407552
65,v14,2,3,35,0.407808
65,v14,2,3,36,0.476672
65,v14,2,3,37,0.4544
65,v14,2,3,38,0.390272
65,v14,2,3,39,0.390016
65,v14,2,3,40,0.3904
65,v14,2,3,41,0.390272
65,v14,2,3,42,0.390272
65,v14,2,3,43,0.3904
65,v14,2,3,44,0.3904
65,v14,2,3,45,0.390016
65,v14,2,3,46,0.390144
65,v14,2,3,47,0.541952
65,v14,2,3,48,0.39296
65,v14,2,3,49,0.389888
65,v14,2,3,50,0.390272
65,v14,2,3,51,0.390144
65,v14,2,3,52,0.390144
65,v14,2,3,53,0.390144
65,v14,2,3,54,0.391168
65,v14,2,3,55,0.390144
65,v14,2,3,56,0.3872
65,v14,2,3,57,0.502528
65,v14,2,3,58,0.384768
65,v14,2,3,59,0.38464
65,v14,2,3,60,0.384512
65,v14,2,3,61,0.384768
65,v14,2,3,62,0.390144
65,v14,2,3,63,0.39296
65,v14,2,3,64,0.39616
65,v14,2,3,65,0.392832
65,v14,2,3,66,0.428416
65,v14,2,3,67,0.444288
65,v14,2,3,68,0.388224
65,v14,2,3,69,0.387328
65,v14,2,3,70,0.387456
65,v14,2,3,71,0.38784
65,v14,2,3,72,0.387456
65,v14,2,3,73,0.387328
65,v14,2,3,74,0.39424
65,v14,2,3,75,0.401664
65,v14,2,3,76,0.401664
65,v14,2,3,77,0.46976
65,v14,2,3,78,0.453248
65,v14,2,3,79,0.401664
65,v14,2,3,80,0.401408
65,v14,2,3,81,0.39872
65,v14,2,3,82,0.39872
65,v14,2,3,83,0.39872
65,v14,2,3,84,0.398592
65,v14,2,3,85,0.39872
65,v14,2,3,86,0.397312
65,v14,2,3,87,0.51328
65,v14,2,3,88,0.39616
65,v14,2,3,89,0.395776
65,v14,2,3,90,0.395904
65,v14,2,3,91,0.39616
65,v14,2,3,92,0.393856
65,v14,2,3,93,0.392832
65,v14,2,3,94,0.39296
65,v14,2,3,95,0.392704
65,v14,2,3,96,0.43072
65,v14,2,3,97,0.443392
65,v14,2,3,98,0.392832
65,v14,2,3,99,0.39296
65,v14,2,3,100,0.392832
65,v14,2,3,101,0.393216
65,v14,2,3,102,0.392832
65,v14,2,3,103,0.392832
65,v14,2,3,104,0.400512
65,v14,2,3,105,0.407808
65,v14,2,3,106,0.408064
65,v14,2,3,107,0.475776
65,v14,2,3,108,0.459392
65,v14,2,3,109,0.407936
65,v14,2,3,110,0.405248
65,v14,2,3,111,0.404608
65,v14,2,3,112,0.40768
65,v14,2,3,113,0.404736
65,v14,2,3,114,0.404736
65,v14,2,3,115,0.404608
65,v14,2,3,116,0.521088
65,v14,2,3,117,0.395648
65,v14,2,3,118,0.395776
65,v14,2,3,119,0.395776
65,v14,2,3,120,0.395904
65,v14,2,3,121,0.395904
65,v14,2,3,122,0.395648
65,v14,2,3,123,0.395776
65,v14,2,3,124,0.395904
65,v14,2,3,125,0.39552
65,v14,2,3,126,0.395904
65,v14,2,3,127,0.515712
65,v14,2,3,128,0.43712
65,v14,2,3,129,0.434432
65,v14,2,3,130,0.434176
65,v14,2,3,131,0.434304
65,v14,2,3,132,0.434304
65,v14,2,3,133,0.418432
65,v14,2,3,134,0.40448
65,v14,2,3,135,0.404992
65,v14,2,3,136,0.40512
65,v14,2,3,137,0.490368
65,v14,2,3,138,0.451072
65,v14,2,3,139,0.41152
65,v14,2,3,140,0.46976
65,v14,2,3,141,0.41728
65,v14,2,3,142,0.417792
65,v14,2,3,143,0.507136
65,v14,2,3,144,0.457216
65,v14,2,3,145,0.459648
65,v14,2,3,146,0.404608
65,v14,2,3,147,0.404608
65,v14,2,3,148,0.405504
65,v14,2,3,149,0.404608
65,v14,2,3,150,0.48896
65,v14,2,3,151,0.390656
65,v14,2,3,152,0.390272
65,v14,2,3,153,0.390144
65,v14,2,3,154,0.390272
65,v14,2,3,155,0.42432
65,v14,2,3,156,0.478592
65,v14,2,3,157,0.441216
65,v14,2,3,158,0.45632
65,v14,2,3,159,0.405248
