scale_percent,revision,block,window,sample_index,five_interpass_gpu_ms
65,v14,0,0,0,3.15648
65,v14,0,0,1,3.101952
65,v14,0,0,2,3.159296
65,v14,0,0,3,3.031936
65,v14,0,0,4,3.204608
65,v14,0,0,5,3.198592
65,v14,0,0,6,3.153792
65,v14,0,0,7,2.999424
65,v14,0,0,8,3.108352
65,v14,0,0,9,3.129472
65,v14,0,0,10,3.040512
65,v14,0,0,11,3.099904
65,v14,0,0,12,3.05984
65,v14,0,0,13,3.040128
65,v14,0,0,14,2.978304
65,v14,0,0,15,3.012352
65,v14,0,0,16,3.008
65,v14,0,0,17,2.933632
65,v14,0,0,18,2.970624
65,v14,0,0,19,2.978432
65,v14,0,0,20,2.988544
65,v14,0,0,21,3.033728
65,v14,0,0,22,2.953216
65,v14,0,0,23,3.012096
65,v14,0,0,24,3.091072
65,v14,0,0,25,3.08096
65,v14,0,0,26,3.004672
65,v14,0,0,27,3.110144
65,v14,0,0,28,3.17568
65,v14,0,0,29,3.119616
65,v14,0,0,30,3.062912
65,v14,0,0,31,3.15072
65,v14,0,0,32,3.16928
65,v14,0,0,33,2.997888
65,v14,0,0,34,3.046016
65,v14,0,0,35,3.136128
65,v14,0,0,36,3.17952
65,v14,0,0,37,3.19488
65,v14,0,0,38,3.12128
65,v14,0,0,39,3.092608
65,v14,0,0,40,3.165696
65,v14,0,0,41,3.185536
65,v14,0,0,42,3.127168
65,v14,0,0,43,3.138432
65,v14,0,0,44,3.199616
65,v14,0,0,45,3.228672
65,v14,0,0,46,3.222912
65,v14,0,0,47,3.058304
65,v14,0,0,48,2.94016
65,v14,0,0,49,3.030656
65,v14,0,0,50,3.090048
65,v14,0,0,51,3.072896
65,v14,0,0,52,2.994176
65,v14,0,0,53,3.083648
65,v14,0,0,54,3.070208
65,v14,0,0,55,2.950016
65,v14,0,0,56,3.053312
65,v14,0,0,57,3.049344
65,v14,0,0,58,3.056256
65,v14,0,0,59,2.930944
65,v14,0,0,60,3.04384
65,v14,0,0,61,3.038336
65,v14,0,0,62,2.955648
65,v14,0,0,63,3.03488
65,v14,0,0,64,3.020288
65,v14,0,0,65,2.965632
65,v14,0,0,66,3.056
65,v14,0,0,67,2.99456
65,v14,0,0,68,3.0688
65,v14,0,0,69,3.067648
65,v14,0,0,70,3.117696
65,v14,0,0,71,2.986752
65,v14,0,0,72,3.158784
65,v14,0,0,73,3.12128
65,v14,0,0,74,3.001984
65,v14,0,0,75,3.117952
65,v14,0,0,76,3.106816
65,v14,0,0,77,3.153408
65,v14,0,0,78,3.062016
65,v14,0,0,79,3.141376
65,v14,0,0,80,3.214592
65,v14,0,0,81,3.145216
65,v14,0,0,82,3.140096
65,v14,0,0,83,3.25568
65,v14,0,0,84,3.189248
65,v14,0,0,85,3.140736
65,v14,0,0,86,3.09632
65,v14,0,0,87,3.138048
65,v14,0,0,88,3.178624
65,v14,0,0,89,3.0912
65,v14,0,0,90,3.187456
65,v14,0,0,91,3.136128
65,v14,0,0,92,3.046272
65,v14,0,0,93,3.133952
65,v14,0,0,94,2.94848
65,v14,0,0,95,3.099264
65,v14,0,0,96,2.977408
65,v14,0,0,97,2.953216
65,v14,0,0,98,2.98944
65,v14,0,0,99,3.083136
65,v14,0,0,100,3.0656
65,v14,0,0,101,3.081344
65,v14,0,0,102,2.975104
65,v14,0,0,103,3.110912
65,v14,0,0,104,3.100416
65,v14,0,0,105,3.080576
65,v14,0,0,106,2.989056
65,v14,0,0,107,3.063552
65,v14,0,0,108,3.059072
65,v14,0,0,109,3.059456
65,v14,0,0,110,3.007872
65,v14,0,0,111,3.104768
65,v14,0,0,112,3.144576
65,v14,0,0,113,2.964992
65,v14,0,0,114,3.013248
65,v14,0,0,115,3.061504
65,v14,0,0,116,3.140864
65,v14,0,0,117,3.16288
65,v14,0,0,118,3.063296
65,v14,0,0,119,3.144448
65,v14,0,0,120,3.2
65,v14,0,0,121,3.11552
65,v14,0,0,122,3.088896
65,v14,0,0,123,3.082112
65,v14,0,0,124,3.178752
65,v14,0,0,125,3.133568
65,v14,0,0,126,3.047424
65,v14,0,0,127,3.162368
65,v14,0,0,128,3.09312
65,v14,0,0,129,2.972928
65,v14,0,0,130,2.982784
65,v14,0,0,131,3.12768
65,v14,0,0,132,3.089408
65,v14,0,0,133,3.064192
65,v14,0,0,134,2.969728
65,v14,0,0,135,3.106176
65,v14,0,0,136,3.05152
65,v14,0,0,137,3.024768
65,v14,0,0,138,2.968064
65,v14,0,0,139,3.087744
65,v14,0,0,140,3.115008
65,v14,0,0,141,2.996352
65,v14,0,0,142,3.003008
65,v14,0,0,143,3.046784
65,v14,0,0,144,3.072256
65,v14,0,0,145,2.973184
65,v14,0,0,146,2.960256
65,v14,0,0,147,3.03552
65,v14,0,0,148,3.086336
65,v14,0,0,149,3.077632
65,v14,0,0,150,3.00992
65,v14,0,0,151,3.114368
65,v14,0,0,152,3.080192
65,v14,0,0,153,3.1552
65,v14,0,0,154,2.987136
65,v14,0,0,155,3.15456
65,v14,0,0,156,3.126784
65,v14,0,0,157,3.007872
65,v14,0,0,158,3.200128
65,v14,0,0,159,3.124864
65,v21,0,1,0,3.072896
65,v21,0,1,1,3.128064
65,v21,0,1,2,3.139968
65,v21,0,1,3,3.135872
65,v21,0,1,4,3.065088
65,v21,0,1,5,3.061888
65,v21,0,1,6,2.992
65,v21,0,1,7,3.106944
65,v21,0,1,8,3.088256
65,v21,0,1,9,3.093376
65,v21,0,1,10,3.009408
65,v21,0,1,11,3.094784
65,v21,0,1,12,3.074048
65,v21,0,1,13,3.09248
65,v21,0,1,14,3.000448
65,v21,0,1,15,3.106432
65,v21,0,1,16,3.081088
65,v21,0,1,17,3.06304
65,v21,0,1,18,2.988928
65,v21,0,1,19,3.126144
65,v21,0,1,20,3.128832
65,v21,0,1,21,3.069568
65,v21,0,1,22,3.05536
65,v21,0,1,23,3.244288
65,v21,0,1,24,3.10528
65,v21,0,1,25,3.019392
65,v21,0,1,26,3.097728
65,v21,0,1,27,3.132032
65,v21,0,1,28,3.162496
65,v21,0,1,29,3.060864
65,v21,0,1,30,3.109376
65,v21,0,1,31,3.204864
65,v21,0,1,32,3.120128
65,v21,0,1,33,2.9984
65,v21,0,1,34,3.145216
65,v21,0,1,35,3.162624
65,v21,0,1,36,3.09568
65,v21,0,1,37,3.036544
65,v21,0,1,38,3.139328
65,v21,0,1,39,3.126528
65,v21,0,1,40,3.107712
65,v21,0,1,41,3.03424
65,v21,0,1,42,3.118592
65,v21,0,1,43,3.112448
65,v21,0,1,44,3.05536
65,v21,0,1,45,3.01376
65,v21,0,1,46,3.103488
65,v21,0,1,47,3.102208
65,v21,0,1,48,3.06304
65,v21,0,1,49,2.878464
65,v21,0,1,50,3.084928
65,v21,0,1,51,3.099392
65,v21,0,1,52,3.054208
65,v21,0,1,53,3.0784
65,v21,0,1,54,3.109504
65,v21,0,1,55,3.091072
65,v21,0,1,56,3.063936
65,v21,0,1,57,3.08416
65,v21,0,1,58,3.07968
65,v21,0,1,59,3.14816
65,v21,0,1,60,3.120384
65,v21,0,1,61,3.0368
65,v21,0,1,62,3.133568
65,v21,0,1,63,3.147392
65,v21,0,1,64,3.203968
65,v21,0,1,65,2.871552
65,v21,0,1,66,3.074688
65,v21,0,1,67,3.164288
65,v21,0,1,68,3.173248
65,v21,0,1,69,3.033856
65,v21,0,1,70,3.1328
65,v21,0,1,71,3.090816
65,v21,0,1,72,3.099392
65,v21,0,1,73,3.037824
65,v21,0,1,74,3.158144
65,v21,0,1,75,3.08928
65,v21,0,1,76,3.036416
65,v21,0,1,77,3.067008
65,v21,0,1,78,3.143296
65,v21,0,1,79,3.124352
65,v21,0,1,80,3.035008
65,v21,0,1,81,2.883968
65,v21,0,1,82,3.072128
65,v21,0,1,83,3.123968
65,v21,0,1,84,3.083776
65,v21,0,1,85,3.014784
65,v21,0,1,86,3.109888
65,v21,0,1,87,3.12448
65,v21,0,1,88,3.03424
65,v21,0,1,89,3.079424
65,v21,0,1,90,3.11808
65,v21,0,1,91,3.1136
65,v21,0,1,92,2.974464
65,v21,0,1,93,3.14112
65,v21,0,1,94,3.148416
65,v21,0,1,95,3.081728
65,v21,0,1,96,3.0688
65,v21,0,1,97,2.858624
65,v21,0,1,98,3.12
65,v21,0,1,99,3.197056
65,v21,0,1,100,3.115648
65,v21,0,1,101,3.033472
65,v21,0,1,102,3.169664
65,v21,0,1,103,3.15712
65,v21,0,1,104,3.211136
65,v21,0,1,105,2.991488
65,v21,0,1,106,3.074432
65,v21,0,1,107,3.102336
65,v21,0,1,108,3.14432
65,v21,0,1,109,3.034368
65,v21,0,1,110,3.126528
65,v21,0,1,111,3.103616
65,v21,0,1,112,3.091712
65,v21,0,1,113,2.988032
65,v21,0,1,114,3.111808
65,v21,0,1,115,3.160704
65,v21,0,1,116,3.037952
65,v21,0,1,117,3.143424
65,v21,0,1,118,3.083904
65,v21,0,1,119,3.155584
65,v21,0,1,120,3.000832
65,v21,0,1,121,3.158784
65,v21,0,1,122,3.146624
65,v21,0,1,123,3.142656
65,v21,0,1,124,3.051264
65,v21,0,1,125,3.013632
65,v21,0,1,126,3.115264
65,v21,0,1,127,3.114368
65,v21,0,1,128,3.027584
65,v21,0,1,129,2.946816
65,v21,0,1,130,3.075968
65,v21,0,1,131,3.143424
65,v21,0,1,132,3.010688
65,v21,0,1,133,3.139456
65,v21,0,1,134,3.113728
65,v21,0,1,135,3.15456
65,v21,0,1,136,2.980864
65,v21,0,1,137,3.142144
65,v21,0,1,138,3.125888
65,v21,0,1,139,3.167488
65,v21,0,1,140,2.983424
65,v21,0,1,141,3.111424
65,v21,0,1,142,3.127936
65,v21,0,1,143,3.166848
65,v21,0,1,144,3.2
65,v21,0,1,145,2.915328
65,v21,0,1,146,3.094912
65,v21,0,1,147,3.164416
65,v21,0,1,148,3.009664
65,v21,0,1,149,3.159552
65,v21,0,1,150,3.093376
65,v21,0,1,151,3.09632
65,v21,0,1,152,3.234304
65,v21,0,1,153,3.091072
65,v21,0,1,154,3.132032
65,v21,0,1,155,3.187072
65,v21,0,1,156,3.05408
65,v21,0,1,157,3.213184
65,v21,0,1,158,3.085952
65,v21,0,1,159,3.17184
65,v21,0,2,0,3.04896
65,v21,0,2,1,3.003648
65,v21,0,2,2,2.988288
65,v21,0,2,3,3.111296
65,v21,0,2,4,3.111936
65,v21,0,2,5,3.1392
65,v21,0,2,6,3.080832
65,v21,0,2,7,3.11936
65,v21,0,2,8,3.097728
65,v21,0,2,9,3.096576
65,v21,0,2,10,3.092736
65,v21,0,2,11,3.04832
65,v21,0,2,12,3.12448
65,v21,0,2,13,3.121792
65,v21,0,2,14,3.17504
65,v21,0,2,15,3.001344
65,v21,0,2,16,3.022592
65,v21,0,2,17,3.045632
65,v21,0,2,18,3.112704
65,v21,0,2,19,3.03552
65,v21,0,2,20,3.116032
65,v21,0,2,21,3.094656
65,v21,0,2,22,3.121024
65,v21,0,2,23,3.032448
65,v21,0,2,24,3.116928
65,v21,0,2,25,3.132928
65,v21,0,2,26,3.02784
65,v21,0,2,27,3.143552
65,v21,0,2,28,3.112448
65,v21,0,2,29,3.117568
65,v21,0,2,30,3.007488
65,v21,0,2,31,3.173504
65,v21,0,2,32,2.983168
65,v21,0,2,33,3.03104
65,v21,0,2,34,3.113088
65,v21,0,2,35,3.03616
65,v21,0,2,36,3.139072
65,v21,0,2,37,3.170176
65,v21,0,2,38,3.116288
65,v21,0,2,39,3.013888
65,v21,0,2,40,3.100928
65,v21,0,2,41,3.141504
65,v21,0,2,42,3.057152
65,v21,0,2,43,3.079296
65,v21,0,2,44,3.122432
65,v21,0,2,45,3.130368
65,v21,0,2,46,3.065216
65,v21,0,2,47,3.1136
65,v21,0,2,48,3.04832
65,v21,0,2,49,3.084928
65,v21,0,2,50,3.083392
65,v21,0,2,51,3.057536
65,v21,0,2,52,3.103744
65,v21,0,2,53,3.123456
65,v21,0,2,54,3.163392
65,v21,0,2,55,2.999936
65,v21,0,2,56,3.085312
65,v21,0,2,57,3.138432
65,v21,0,2,58,3.046528
65,v21,0,2,59,3.139072
65,v21,0,2,60,3.081856
65,v21,0,2,61,3.166208
65,v21,0,2,62,3.131264
65,v21,0,2,63,3.111808
65,v21,0,2,64,3.181056
65,v21,0,2,65,3.069312
65,v21,0,2,66,3.171968
65,v21,0,2,67,3.12704
65,v21,0,2,68,3.143296
65,v21,0,2,69,3.217408
65,v21,0,2,70,2.979328
65,v21,0,2,71,3.215232
65,v21,0,2,72,3.188736
65,v21,0,2,73,3.145984
65,v21,0,2,74,3.16672
65,v21,0,2,75,2.996992
65,v21,0,2,76,3.113728
65,v21,0,2,77,3.123456
65,v21,0,2,78,3.11424
65,v21,0,2,79,3.031168
65,v21,0,2,80,2.874496
65,v21,0,2,81,3.018368
65,v21,0,2,82,3.122176
65,v21,0,2,83,3.049984
65,v21,0,2,84,3.166976
65,v21,0,2,85,3.121536
65,v21,0,2,86,3.09824
65,v21,0,2,87,3.11552
65,v21,0,2,88,3.065856
65,v21,0,2,89,3.153024
65,v21,0,2,90,3.092608
65,v21,0,2,91,3.026304
65,v21,0,2,92,3.137152
65,v21,0,2,93,3.126528
65,v21,0,2,94,3.165312
65,v21,0,2,95,3.075328
65,v21,0,2,96,2.954624
65,v21,0,2,97,3.072512
65,v21,0,2,98,3.124608
65,v21,0,2,99,3.06304
65,v21,0,2,100,3.126528
65,v21,0,2,101,3.180544
65,v21,0,2,102,3.101824
65,v21,0,2,103,3.03232
65,v21,0,2,104,3.172992
65,v21,0,2,105,3.109888
65,v21,0,2,106,3.088512
65,v21,0,2,107,3.030912
65,v21,0,2,108,3.152384
65,v21,0,2,109,3.162496
65,v21,0,2,110,3.141376
65,v21,0,2,111,3.021312
65,v21,0,2,112,2.92928
65,v21,0,2,113,2.931712
65,v21,0,2,114,3.08544
65,v21,0,2,115,3.135872
65,v21,0,2,116,3.141632
65,v21,0,2,117,3.117696
65,v21,0,2,118,3.144448
65,v21,0,2,119,3.074432
65,v21,0,2,120,3.077248
65,v21,0,2,121,3.106176
65,v21,0,2,122,3.138688
65,v21,0,2,123,3.048192
65,v21,0,2,124,3.139072
65,v21,0,2,125,3.109888
65,v21,0,2,126,3.108992
65,v21,0,2,127,3.053824
65,v21,0,2,128,3.017216
65,v21,0,2,129,3.0304
65,v21,0,2,130,3.112704
65,v21,0,2,131,3.02784
65,v21,0,2,132,3.181056
65,v21,0,2,133,3.223296
65,v21,0,2,134,3.067904
65,v21,0,2,135,3.084672
65,v21,0,2,136,3.032832
65,v21,0,2,137,3.13984
65,v21,0,2,138,3.138048
65,v21,0,2,139,3.048832
65,v21,0,2,140,3.173632
65,v21,0,2,141,3.1008
65,v21,0,2,142,3.104256
65,v21,0,2,143,3.029248
65,v21,0,2,144,3.027072
65,v21,0,2,145,3.045888
65,v21,0,2,146,3.0912
65,v21,0,2,147,3.062656
65,v21,0,2,148,3.183232
65,v21,0,2,149,3.142784
65,v21,0,2,150,3.091584
65,v21,0,2,151,3.006336
65,v21,0,2,152,3.108352
65,v21,0,2,153,3.126528
65,v21,0,2,154,3.096064
65,v21,0,2,155,3.02528
65,v21,0,2,156,3.179904
65,v21,0,2,157,3.138304
65,v21,0,2,158,3.077504
65,v21,0,2,159,3.022464
65,v14,0,3,0,3.001216
65,v14,0,3,1,3.006976
65,v14,0,3,2,3.085696
65,v14,0,3,3,3.15264
65,v14,0,3,4,3.159808
65,v14,0,3,5,3.050112
65,v14,0,3,6,3.02528
65,v14,0,3,7,3.14816
65,v14,0,3,8,3.113472
65,v14,0,3,9,3.009024
65,v14,0,3,10,3.121664
65,v14,0,3,11,3.177216
65,v14,0,3,12,3.100288
65,v14,0,3,13,3.073792
65,v14,0,3,14,3.089024
65,v14,0,3,15,3.124224
65,v14,0,3,16,2.98688
65,v14,0,3,17,3.059328
65,v14,0,3,18,3.024384
65,v14,0,3,19,3.119488
65,v14,0,3,20,3.125504
65,v14,0,3,21,3.061888
65,v14,0,3,22,3.113472
65,v14,0,3,23,3.091456
65,v14,0,3,24,3.136128
65,v14,0,3,25,3.090688
65,v14,0,3,26,3.108608
65,v14,0,3,27,3.137536
65,v14,0,3,28,3.13408
65,v14,0,3,29,3.000192
65,v14,0,3,30,3.173376
65,v14,0,3,31,3.131904
65,v14,0,3,32,3.038464
65,v14,0,3,33,3.00032
65,v14,0,3,34,3.048448
65,v14,0,3,35,3.154176
65,v14,0,3,36,3.090432
65,v14,0,3,37,3.073792
65,v14,0,3,38,3.017728
65,v14,0,3,39,3.144576
65,v14,0,3,40,3.083008
65,v14,0,3,41,3.042432
65,v14,0,3,42,3.065344
65,v14,0,3,43,3.218304
65,v14,0,3,44,3.057792
65,v14,0,3,45,3.092736
65,v14,0,3,46,3.009792
65,v14,0,3,47,3.073408
65,v14,0,3,48,3.06496
65,v14,0,3,49,3.017728
65,v14,0,3,50,3.0848
65,v14,0,3,51,3.139968
65,v14,0,3,52,3.122432
65,v14,0,3,53,3.092992
65,v14,0,3,54,3.028864
65,v14,0,3,55,3.094144
65,v14,0,3,56,3.131776
65,v14,0,3,57,3.02528
65,v14,0,3,58,3.142656
65,v14,0,3,59,3.151872
65,v14,0,3,60,3.129344
65,v14,0,3,61,2.994432
65,v14,0,3,62,3.135872
65,v14,0,3,63,3.12
65,v14,0,3,64,3.102336
65,v14,0,3,65,2.99264
65,v14,0,3,66,3.157632
65,v14,0,3,67,3.168384
65,v14,0,3,68,3.15072
65,v14,0,3,69,2.995584
65,v14,0,3,70,3.16544
65,v14,0,3,71,3.110784
65,v14,0,3,72,3.128704
65,v14,0,3,73,2.999296
65,v14,0,3,74,3.188608
65,v14,0,3,75,3.15712
65,v14,0,3,76,3.126016
65,v14,0,3,77,3.016704
65,v14,0,3,78,3.158912
65,v14,0,3,79,3.113216
65,v14,0,3,80,3.008896
65,v14,0,3,81,2.921216
65,v14,0,3,82,3.123072
65,v14,0,3,83,3.198848
65,v14,0,3,84,3.10272
65,v14,0,3,85,2.977152
65,v14,0,3,86,3.077248
65,v14,0,3,87,3.08992
65,v14,0,3,88,3.113856
65,v14,0,3,89,3.01184
65,v14,0,3,90,3.086464
65,v14,0,3,91,3.08608
65,v14,0,3,92,3.086464
65,v14,0,3,93,3.087232
65,v14,0,3,94,2.989056
65,v14,0,3,95,3.130624
65,v14,0,3,96,2.991104
65,v14,0,3,97,3.026688
65,v14,0,3,98,3.0112
65,v14,0,3,99,3.12064
65,v14,0,3,100,3.123328
65,v14,0,3,101,3.074432
65,v14,0,3,102,3.066496
65,v14,0,3,103,3.13728
65,v14,0,3,104,3.081344
65,v14,0,3,105,3.0848
65,v14,0,3,106,3.064704
65,v14,0,3,107,3.110784
65,v14,0,3,108,3.114624
65,v14,0,3,109,3.067392
65,v14,0,3,110,3.05728
65,v14,0,3,111,3.11872
65,v14,0,3,112,3.0496
65,v14,0,3,113,2.992512
65,v14,0,3,114,3.082368
65,v14,0,3,115,3.120512
65,v14,0,3,116,3.145856
65,v14,0,3,117,3.131136
65,v14,0,3,118,3.006336
65,v14,0,3,119,3.134208
65,v14,0,3,120,3.095424
65,v14,0,3,121,3.069056
65,v14,0,3,122,3.082496
65,v14,0,3,123,3.09888
65,v14,0,3,124,3.167744
65,v14,0,3,125,3.028352
65,v14,0,3,126,3.127296
65,v14,0,3,127,3.118208
65,v14,0,3,128,2.98816
65,v14,0,3,129,3.02784
65,v14,0,3,130,3.025664
65,v14,0,3,131,3.204992
65,v14,0,3,132,3.126528
65,v14,0,3,133,3.080448
65,v14,0,3,134,3.21088
65,v14,0,3,135,3.192704
65,v14,0,3,136,3.073408
65,v14,0,3,137,3.065728
65,v14,0,3,138,3.114624
65,v14,0,3,139,3.178112
65,v14,0,3,140,3.11616
65,v14,0,3,141,3.16992
65,v14,0,3,142,3.151872
65,v14,0,3,143,3.13408
65,v14,0,3,144,3.025408
65,v14,0,3,145,3.07648
65,v14,0,3,146,3.02848
65,v14,0,3,147,3.164416
65,v14,0,3,148,3.130752
65,v14,0,3,149,3.130624
65,v14,0,3,150,3.03552
65,v14,0,3,151,3.090432
65,v14,0,3,152,3.17184
65,v14,0,3,153,3.089024
65,v14,0,3,154,3.10272
65,v14,0,3,155,3.127808
65,v14,0,3,156,3.083136
65,v14,0,3,157,3.101312
65,v14,0,3,158,3.036928
65,v14,0,3,159,3.111296
65,v14,1,0,0,3.115392
65,v14,1,0,1,2.98432
65,v14,1,0,2,3.115392
65,v14,1,0,3,3.078784
65,v14,1,0,4,3.025152
65,v14,1,0,5,3.150592
65,v14,1,0,6,3.106048
65,v14,1,0,7,3.142656
65,v14,1,0,8,3.055616
65,v14,1,0,9,3.150848
65,v14,1,0,10,3.142144
65,v14,1,0,11,3.135616
65,v14,1,0,12,3.05984
65,v14,1,0,13,3.122816
65,v14,1,0,14,3.157248
65,v14,1,0,15,3.14176
65,v14,1,0,16,3.032576
65,v14,1,0,17,3.014272
65,v14,1,0,18,3.095936
65,v14,1,0,19,3.130624
65,v14,1,0,20,3.022848
65,v14,1,0,21,3.144576
65,v14,1,0,22,3.108224
65,v14,1,0,23,3.114624
65,v14,1,0,24,3.035904
65,v14,1,0,25,3.169152
65,v14,1,0,26,3.165568
65,v14,1,0,27,3.128704
65,v14,1,0,28,3.051264
65,v14,1,0,29,3.133952
65,v14,1,0,30,3.13408
65,v14,1,0,31,3.123456
65,v14,1,0,32,3.024256
65,v14,1,0,33,3.06944
65,v14,1,0,34,3.098368
65,v14,1,0,35,3.071104
65,v14,1,0,36,3.053952
65,v14,1,0,37,3.137408
65,v14,1,0,38,3.089664
65,v14,1,0,39,3.11488
65,v14,1,0,40,3.029376
65,v14,1,0,41,3.17696
65,v14,1,0,42,3.186176
65,v14,1,0,43,2.994432
65,v14,1,0,44,3.202048
65,v14,1,0,45,3.170432
65,v14,1,0,46,3.111808
65,v14,1,0,47,3.050368
65,v14,1,0,48,3.058432
65,v14,1,0,49,3.118848
65,v14,1,0,50,3.162624
65,v14,1,0,51,3.213824
65,v14,1,0,52,3.270784
65,v14,1,0,53,3.081088
65,v14,1,0,54,3.076096
65,v14,1,0,55,3.136256
65,v14,1,0,56,3.057408
65,v14,1,0,57,3.164672
65,v14,1,0,58,3.084288
65,v14,1,0,59,3.125248
65,v14,1,0,60,3.10592
65,v14,1,0,61,3.012096
65,v14,1,0,62,3.141888
65,v14,1,0,63,3.126784
65,v14,1,0,64,3.055744
65,v14,1,0,65,2.971776
65,v14,1,0,66,3.098496
65,v14,1,0,67,3.144448
65,v14,1,0,68,3.069056
65,v14,1,0,69,3.111808
65,v14,1,0,70,3.1168
65,v14,1,0,71,3.134592
65,v14,1,0,72,3.042944
65,v14,1,0,73,3.196416
65,v14,1,0,74,3.106432
65,v14,1,0,75,3.074432
65,v14,1,0,76,3.020544
65,v14,1,0,77,3.167488
65,v14,1,0,78,3.1072
65,v14,1,0,79,3.07584
65,v14,1,0,80,3.027584
65,v14,1,0,81,3.172224
65,v14,1,0,82,3.087232
65,v14,1,0,83,3.123072
65,v14,1,0,84,3.026304
65,v14,1,0,85,3.135872
65,v14,1,0,86,3.118336
65,v14,1,0,87,3.134208
65,v14,1,0,88,3.05536
65,v14,1,0,89,3.153536
65,v14,1,0,90,3.159808
65,v14,1,0,91,3.035904
65,v14,1,0,92,3.120768
65,v14,1,0,93,3.199872
65,v14,1,0,94,3.090048
65,v14,1,0,95,3.129472
65,v14,1,0,96,3.016192
65,v14,1,0,97,3.067648
65,v14,1,0,98,3.099008
65,v14,1,0,99,3.162368
65,v14,1,0,100,3.025152
65,v14,1,0,101,3.135616
65,v14,1,0,102,3.131776
65,v14,1,0,103,3.138816
65,v14,1,0,104,3.024256
65,v14,1,0,105,3.14112
65,v14,1,0,106,3.121664
65,v14,1,0,107,3.159936
65,v14,1,0,108,3.042816
65,v14,1,0,109,3.181696
65,v14,1,0,110,3.091072
65,v14,1,0,111,3.122048
65,v14,1,0,112,3.045248
65,v14,1,0,113,3.07648
65,v14,1,0,114,3.059072
65,v14,1,0,115,3.076096
65,v14,1,0,116,3.02912
65,v14,1,0,117,3.107968
65,v14,1,0,118,3.113216
65,v14,1,0,119,3.0912
65,v14,1,0,120,3.10912
65,v14,1,0,121,3.007104
65,v14,1,0,122,3.11936
65,v14,1,0,123,3.112832
65,v14,1,0,124,3.025408
65,v14,1,0,125,3.128064
65,v14,1,0,126,3.144064
65,v14,1,0,127,3.098112
65,v14,1,0,128,2.995072
65,v14,1,0,129,3.044608
65,v14,1,0,130,3.085056
65,v14,1,0,131,3.13088
65,v14,1,0,132,3.047168
65,v14,1,0,133,3.141376
65,v14,1,0,134,3.141248
65,v14,1,0,135,3.164032
65,v14,1,0,136,3.036928
65,v14,1,0,137,3.168
65,v14,1,0,138,3.104384
65,v14,1,0,139,3.137536
65,v14,1,0,140,3.01184
65,v14,1,0,141,3.134848
65,v14,1,0,142,3.140736
65,v14,1,0,143,3.162112
65,v14,1,0,144,3.093376
65,v14,1,0,145,3.024384
65,v14,1,0,146,3.113984
65,v14,1,0,147,3.115776
65,v14,1,0,148,3.050496
65,v14,1,0,149,3.153536
65,v14,1,0,150,3.095296
65,v14,1,0,151,3.12576
65,v14,1,0,152,3.017088
65,v14,1,0,153,3.218432
65,v14,1,0,154,3.066624
65,v14,1,0,155,3.113088
65,v14,1,0,156,3.026816
65,v14,1,0,157,3.152256
65,v14,1,0,158,3.110656
65,v14,1,0,159,3.086592
65,v21,1,1,0,2.944768
65,v21,1,1,1,3.098624
65,v21,1,1,2,3.121536
65,v21,1,1,3,3.130368
65,v21,1,1,4,3.009408
65,v21,1,1,5,3.18784
65,v21,1,1,6,3.134208
65,v21,1,1,7,3.129088
65,v21,1,1,8,3.008768
65,v21,1,1,9,3.208576
65,v21,1,1,10,3.195776
65,v21,1,1,11,3.101824
65,v21,1,1,12,3.014528
65,v21,1,1,13,3.142784
65,v21,1,1,14,3.152384
65,v21,1,1,15,3.092736
65,v21,1,1,16,2.928
65,v21,1,1,17,3.068928
65,v21,1,1,18,3.084672
65,v21,1,1,19,3.117184
65,v21,1,1,20,3.018112
65,v21,1,1,21,3.172224
65,v21,1,1,22,3.14496
65,v21,1,1,23,3.182848
65,v21,1,1,24,2.993024
65,v21,1,1,25,3.151872
65,v21,1,1,26,3.113088
65,v21,1,1,27,3.142912
65,v21,1,1,28,3.02336
65,v21,1,1,29,3.11424
65,v21,1,1,30,3.147648
65,v21,1,1,31,3.120256
65,v21,1,1,32,3.019392
65,v21,1,1,33,3.13152
65,v21,1,1,34,3.130368
65,v21,1,1,35,3.173504
65,v21,1,1,36,3.040896
65,v21,1,1,37,3.174784
65,v21,1,1,38,3.145344
65,v21,1,1,39,3.028352
65,v21,1,1,40,3.095168
65,v21,1,1,41,3.137024
65,v21,1,1,42,3.160832
65,v21,1,1,43,3.137408
65,v21,1,1,44,3.017728
65,v21,1,1,45,3.167488
65,v21,1,1,46,3.175552
65,v21,1,1,47,3.099008
65,v21,1,1,48,2.9184
65,v21,1,1,49,3.009024
65,v21,1,1,50,3.140992
65,v21,1,1,51,3.132288
65,v21,1,1,52,3.018496
65,v21,1,1,53,3.16928
65,v21,1,1,54,3.110016
65,v21,1,1,55,3.12448
65,v21,1,1,56,3.020032
65,v21,1,1,57,3.145728
65,v21,1,1,58,3.116544
65,v21,1,1,59,3.110528
65,v21,1,1,60,3.009792
65,v21,1,1,61,3.201152
65,v21,1,1,62,3.131008
65,v21,1,1,63,3.19488
65,v21,1,1,64,2.971136
65,v21,1,1,65,3.112704
65,v21,1,1,66,3.091328
65,v21,1,1,67,3.171072
65,v21,1,1,68,3.023744
65,v21,1,1,69,3.140352
65,v21,1,1,70,3.101568
65,v21,1,1,71,3.161344
65,v21,1,1,72,3.048448
65,v21,1,1,73,3.184128
65,v21,1,1,74,3.16864
65,v21,1,1,75,3.197312
65,v21,1,1,76,3.015424
65,v21,1,1,77,3.13728
65,v21,1,1,78,3.155712
65,v21,1,1,79,3.10656
65,v21,1,1,80,2.956288
65,v21,1,1,81,3.079808
65,v21,1,1,82,3.126016
65,v21,1,1,83,3.1648
65,v21,1,1,84,3.012992
65,v21,1,1,85,3.157504
65,v21,1,1,86,3.116416
65,v21,1,1,87,3.13408
65,v21,1,1,88,2.98944
65,v21,1,1,89,3.172608
65,v21,1,1,90,3.151232
65,v21,1,1,91,3.118336
65,v21,1,1,92,2.98624
65,v21,1,1,93,3.122816
65,v21,1,1,94,3.138944
65,v21,1,1,95,3.14816
65,v21,1,1,96,2.924416
65,v21,1,1,97,3.014144
65,v21,1,1,98,3.107584
65,v21,1,1,99,3.14304
65,v21,1,1,100,2.997248
65,v21,1,1,101,3.179776
65,v21,1,1,102,3.146624
65,v21,1,1,103,3.159808
65,v21,1,1,104,2.987136
65,v21,1,1,105,3.141632
65,v21,1,1,106,3.085952
65,v21,1,1,107,3.137408
65,v21,1,1,108,3.038464
65,v21,1,1,109,3.135104
65,v21,1,1,110,3.212928
65,v21,1,1,111,3.150336
65,v21,1,1,112,3.082496
65,v21,1,1,113,3.226624
65,v21,1,1,114,3.110144
65,v21,1,1,115,3.231104
65,v21,1,1,116,3.096448
65,v21,1,1,117,3.14432
65,v21,1,1,118,3.24032
65,v21,1,1,119,3.036928
65,v21,1,1,120,3.240192
65,v21,1,1,121,3.258112
65,v21,1,1,122,3.086208
65,v21,1,1,123,3.168256
65,v21,1,1,124,2.997504
65,v21,1,1,125,3.15072
65,v21,1,1,126,3.120128
65,v21,1,1,127,3.159168
65,v21,1,1,128,3.096576
65,v21,1,1,129,2.90816
65,v21,1,1,130,3.117696
65,v21,1,1,131,3.166976
65,v21,1,1,132,3.031168
65,v21,1,1,133,3.074816
65,v21,1,1,134,3.134848
65,v21,1,1,135,3.093248
65,v21,1,1,136,3.140608
65,v21,1,1,137,3.022976
65,v21,1,1,138,3.149184
65,v21,1,1,139,3.159424
65,v21,1,1,140,3.004544
65,v21,1,1,141,3.141632
65,v21,1,1,142,3.182336
65,v21,1,1,143,3.123712
65,v21,1,1,144,3.07904
65,v21,1,1,145,2.93184
65,v21,1,1,146,3.112832
65,v21,1,1,147,3.165184
65,v21,1,1,148,3.116288
65,v21,1,1,149,3.071616
65,v21,1,1,150,3.214592
65,v21,1,1,151,3.113344
65,v21,1,1,152,3.081216
65,v21,1,1,153,3.094528
65,v21,1,1,154,3.189376
65,v21,1,1,155,3.121792
65,v21,1,1,156,3.115648
65,v21,1,1,157,3.063936
65,v21,1,1,158,3.172224
65,v21,1,1,159,3.182976
65,v21,1,2,0,3.021952
65,v21,1,2,1,2.991232
65,v21,1,2,2,3.058688
65,v21,1,2,3,3.129472
65,v21,1,2,4,3.030656
65,v21,1,2,5,3.101696
65,v21,1,2,6,3.122048
65,v21,1,2,7,3.110528
65,v21,1,2,8,3.107584
65,v21,1,2,9,3.0144
65,v21,1,2,10,3.152
65,v21,1,2,11,3.119744
65,v21,1,2,12,3.123968
65,v21,1,2,13,3.032448
65,v21,1,2,14,3.09376
65,v21,1,2,15,3.118848
65,v21,1,2,16,3.028992
65,v21,1,2,17,2.994048
65,v21,1,2,18,3.094272
65,v21,1,2,19,3.258496
65,v21,1,2,20,3.156352
65,v21,1,2,21,3.115776
65,v21,1,2,22,3.187584
65,v21,1,2,23,3.195776
65,v21,1,2,24,3.111296
65,v21,1,2,25,3.118592
65,v21,1,2,26,3.13408
65,v21,1,2,27,3.19808
65,v21,1,2,28,3.145216
65,v21,1,2,29,3.201152
65,v21,1,2,30,3.16608
65,v21,1,2,31,3.186816
65,v21,1,2,32,3.097344
65,v21,1,2,33,3.075712
65,v21,1,2,34,3.03552
65,v21,1,2,35,3.113216
65,v21,1,2,36,3.196544
65,v21,1,2,37,3.100288
65,v21,1,2,38,3.032448
65,v21,1,2,39,3.11232
65,v21,1,2,40,3.145728
65,v21,1,2,41,3.077632
65,v21,1,2,42,3.07712
65,v21,1,2,43,3.135232
65,v21,1,2,44,3.141248
65,v21,1,2,45,3.0912
65,v21,1,2,46,3.044224
65,v21,1,2,47,3.123072
65,v21,1,2,48,3.061504
65,v21,1,2,49,2.99712
65,v21,1,2,50,3.020032
65,v21,1,2,51,3.206144
65,v21,1,2,52,3.091072
65,v21,1,2,53,3.08352
65,v21,1,2,54,3.015808
65,v21,1,2,55,3.125632
65,v21,1,2,56,3.139072
65,v21,1,2,57,3.1328
65,v21,1,2,58,3.073024
65,v21,1,2,59,3.207808
65,v21,1,2,60,3.122816
65,v21,1,2,61,3.121792
65,v21,1,2,62,3.061248
65,v21,1,2,63,3.142272
65,v21,1,2,64,3.116544
65,v21,1,2,65,3.081472
65,v21,1,2,66,3.031296
65,v21,1,2,67,3.166464
65,v21,1,2,68,3.147264
65,v21,1,2,69,3.119616
65,v21,1,2,70,3.033856
65,v21,1,2,71,3.137024
65,v21,1,2,72,3.09632
65,v21,1,2,73,3.165696
65,v21,1,2,74,3.063936
65,v21,1,2,75,3.178496
65,v21,1,2,76,3.127424
65,v21,1,2,77,3.104128
65,v21,1,2,78,3.019008
65,v21,1,2,79,3.14368
65,v21,1,2,80,3.065344
65,v21,1,2,81,2.989312
65,v21,1,2,82,3.005952
65,v21,1,2,83,3.173248
65,v21,1,2,84,3.184384
65,v21,1,2,85,3.12448
65,v21,1,2,86,2.99968
65,v21,1,2,87,3.120512
65,v21,1,2,88,3.111296
65,v21,1,2,89,3.097088
65,v21,1,2,90,3.01568
65,v21,1,2,91,3.152768
65,v21,1,2,92,3.16608
65,v21,1,2,93,3.06624
65,v21,1,2,94,3.01888
65,v21,1,2,95,3.141632
65,v21,1,2,96,3.059968
65,v21,1,2,97,3.008896
65,v21,1,2,98,3.08288
65,v21,1,2,99,3.014912
65,v21,1,2,100,3.116416
65,v21,1,2,101,3.13536
65,v21,1,2,102,3.013504
65,v21,1,2,103,3.16544
65,v21,1,2,104,3.126784
65,v21,1,2,105,3.149568
65,v21,1,2,106,3.03296
65,v21,1,2,107,3.13728
65,v21,1,2,108,3.089664
65,v21,1,2,109,3.094784
65,v21,1,2,110,3.035904
65,v21,1,2,111,3.153536
65,v21,1,2,112,3.100672
65,v21,1,2,113,3.0048
65,v21,1,2,114,3.089152
65,v21,1,2,115,3.034624
65,v21,1,2,116,3.176064
65,v21,1,2,117,3.12064
65,v21,1,2,118,3.011456
65,v21,1,2,119,3.198464
65,v21,1,2,120,3.12384
65,v21,1,2,121,3.122688
65,v21,1,2,122,3.050624
65,v21,1,2,123,3.076096
65,v21,1,2,124,3.122176
65,v21,1,2,125,3.121792
65,v21,1,2,126,3.011456
65,v21,1,2,127,3.164672
65,v21,1,2,128,3.038848
65,v21,1,2,129,3.031296
65,v21,1,2,130,3.032064
65,v21,1,2,131,3.26464
65,v21,1,2,132,3.089664
65,v21,1,2,133,3.088384
65,v21,1,2,134,3.075328
65,v21,1,2,135,3.079552
65,v21,1,2,136,3.107584
65,v21,1,2,137,3.146624
65,v21,1,2,138,3.103232
65,v21,1,2,139,3.014016
65,v21,1,2,140,3.11936
65,v21,1,2,141,3.176576
65,v21,1,2,142,3.031808
65,v21,1,2,143,3.184
65,v21,1,2,144,3.015296
65,v21,1,2,145,3.05024
65,v21,1,2,146,3.116672
65,v21,1,2,147,3.06176
65,v21,1,2,148,3.139584
65,v21,1,2,149,3.165312
65,v21,1,2,150,3.127552
65,v21,1,2,151,3.061376
65,v21,1,2,152,3.133312
65,v21,1,2,153,3.137792
65,v21,1,2,154,3.136896
65,v21,1,2,155,3.092096
65,v21,1,2,156,3.13152
65,v21,1,2,157,3.172096
65,v21,1,2,158,3.080576
65,v21,1,2,159,3.110656
65,v14,1,3,0,3.0784
65,v14,1,3,1,2.978432
65,v14,1,3,2,3.042304
65,v14,1,3,3,3.074432
65,v14,1,3,4,3.160704
65,v14,1,3,5,3.148288
65,v14,1,3,6,3.030016
65,v14,1,3,7,3.108992
65,v14,1,3,8,3.137536
65,v14,1,3,9,3.154816
65,v14,1,3,10,3.121408
65,v14,1,3,11,3.126528
65,v14,1,3,12,3.139712
65,v14,1,3,13,3.160832
65,v14,1,3,14,3.0816
65,v14,1,3,15,3.088512
65,v14,1,3,16,3.047808
65,v14,1,3,17,2.955008
65,v14,1,3,18,3.038592
65,v14,1,3,19,3.055104
65,v14,1,3,20,3.16736
65,v14,1,3,21,3.110784
65,v14,1,3,22,3.133184
65,v14,1,3,23,3.001472
65,v14,1,3,24,3.157888
65,v14,1,3,25,3.157632
65,v14,1,3,26,3.157504
65,v14,1,3,27,3.036544
65,v14,1,3,28,3.167104
65,v14,1,3,29,3.13728
65,v14,1,3,30,3.078144
65,v14,1,3,31,3.045376
65,v14,1,3,32,3.060096
65,v14,1,3,33,3.005312
65,v14,1,3,34,3.122432
65,v14,1,3,35,3.01184
65,v14,1,3,36,3.148416
65,v14,1,3,37,3.085184
65,v14,1,3,38,3.153152
65,v14,1,3,39,2.99136
65,v14,1,3,40,3.22688
65,v14,1,3,41,3.113088
65,v14,1,3,42,3.122688
65,v14,1,3,43,3.0176
65,v14,1,3,44,3.167232
65,v14,1,3,45,3.16224
65,v14,1,3,46,3.1264
65,v14,1,3,47,3.05728
65,v14,1,3,48,3.053184
65,v14,1,3,49,3.090048
65,v14,1,3,50,3.194368
65,v14,1,3,51,3.046016
65,v14,1,3,52,3.200128
65,v14,1,3,53,3.13728
65,v14,1,3,54,3.155968
65,v14,1,3,55,2.99456
65,v14,1,3,56,3.165824
65,v14,1,3,57,3.138688
65,v14,1,3,58,3.15584
65,v14,1,3,59,2.98624
65,v14,1,3,60,3.17312
65,v14,1,3,61,3.137152
65,v14,1,3,62,3.154304
65,v14,1,3,63,3.0176
65,v14,1,3,64,2.955136
65,v14,1,3,65,3.052928
65,v14,1,3,66,3.096192
65,v14,1,3,67,3.05728
65,v14,1,3,68,3.080448
65,v14,1,3,69,3.1328
65,v14,1,3,70,3.130112
65,v14,1,3,71,3.023488
65,v14,1,3,72,3.138944
65,v14,1,3,73,3.151488
65,v14,1,3,74,3.146496
65,v14,1,3,75,2.983552
65,v14,1,3,76,3.14176
65,v14,1,3,77,3.140352
65,v14,1,3,78,3.134464
65,v14,1,3,79,3.000448
65,v14,1,3,80,3.051136
65,v14,1,3,81,3.038848
65,v14,1,3,82,3.077248
65,v14,1,3,83,3.133824
65,v14,1,3,84,3.049856
65,v14,1,3,85,3.156864
65,v14,1,3,86,3.111168
65,v14,1,3,87,3.231104
65,v14,1,3,88,3.181184
65,v14,1,3,89,3.10336
65,v14,1,3,90,3.219328
65,v14,1,3,91,2.997248
65,v14,1,3,92,3.194624
65,v14,1,3,93,3.17696
65,v14,1,3,94,3.114112
65,v14,1,3,95,3.176192
65,v14,1,3,96,2.971264
65,v14,1,3,97,3.193216
65,v14,1,3,98,3.192064
65,v14,1,3,99,3.16608
65,v14,1,3,100,3.238784
65,v14,1,3,101,3.075328
65,v14,1,3,102,3.114752
65,v14,1,3,103,3.143168
65,v14,1,3,104,3.16608
65,v14,1,3,105,3.008384
65,v14,1,3,106,3.180032
65,v14,1,3,107,3.108352
65,v14,1,3,108,3.137408
65,v14,1,3,109,2.985216
65,v14,1,3,110,3.151744
65,v14,1,3,111,3.121536
65,v14,1,3,112,3.025792
65,v14,1,3,113,3.03744
65,v14,1,3,114,3.014784
65,v14,1,3,115,3.145088
65,v14,1,3,116,3.151616
65,v14,1,3,117,2.999424
65,v14,1,3,118,3.16736
65,v14,1,3,119,3.087872
65,v14,1,3,120,3.194624
65,v14,1,3,121,3.001856
65,v14,1,3,122,3.137536
65,v14,1,3,123,3.138176
65,v14,1,3,124,3.180928
65,v14,1,3,125,3.001216
65,v14,1,3,126,3.14432
65,v14,1,3,127,3.193344
65,v14,1,3,128,3.092608
65,v14,1,3,129,2.982528
65,v14,1,3,130,3.172352
65,v14,1,3,131,3.122816
65,v14,1,3,132,3.13024
65,v14,1,3,133,2.998656
65,v14,1,3,134,3.168384
65,v14,1,3,135,3.192704
65,v14,1,3,136,3.180928
65,v14,1,3,137,3.000192
65,v14,1,3,138,3.170048
65,v14,1,3,139,3.165824
65,v14,1,3,140,3.122688
65,v14,1,3,141,3.0208
65,v14,1,3,142,3.14496
65,v14,1,3,143,3.134208
65,v14,1,3,144,3.106816
65,v14,1,3,145,2.93056
65,v14,1,3,146,3.158272
65,v14,1,3,147,3.134592
65,v14,1,3,148,3.148544
65,v14,1,3,149,2.994304
65,v14,1,3,150,3.109248
65,v14,1,3,151,3.142912
65,v14,1,3,152,3.123456
65,v14,1,3,153,2.981248
65,v14,1,3,154,3.112704
65,v14,1,3,155,3.125888
65,v14,1,3,156,3.128448
65,v14,1,3,157,2.999296
65,v14,1,3,158,3.147776
65,v14,1,3,159,3.15008
65,v14,2,0,0,3.152768
65,v14,2,0,1,3.180928
65,v14,2,0,2,3.192448
65,v14,2,0,3,2.992128
65,v14,2,0,4,3.2576
65,v14,2,0,5,3.164928
65,v14,2,0,6,3.205504
65,v14,2,0,7,3.113088
65,v14,2,0,8,3.250176
65,v14,2,0,9,3.11744
65,v14,2,0,10,3.131008
65,v14,2,0,11,3.144832
65,v14,2,0,12,3.047168
65,v14,2,0,13,3.163776
65,v14,2,0,14,3.18208
65,v14,2,0,15,3.1648
65,v14,2,0,16,3.068672
65,v14,2,0,17,2.95808
65,v14,2,0,18,3.149312
65,v14,2,0,19,3.1168
65,v14,2,0,20,3.05472
65,v14,2,0,21,3.10144
65,v14,2,0,22,3.102464
65,v14,2,0,23,3.188864
65,v14,2,0,24,3.062272
65,v14,2,0,25,3.108224
65,v14,2,0,26,3.133696
65,v14,2,0,27,3.122688
65,v14,2,0,28,3.078144
65,v14,2,0,29,3.13984
65,v14,2,0,30,3.081984
65,v14,2,0,31,3.097728
65,v14,2,0,32,3.106176
65,v14,2,0,33,2.99904
65,v14,2,0,34,3.112064
65,v14,2,0,35,3.159552
65,v14,2,0,36,3.03552
65,v14,2,0,37,3.200512
65,v14,2,0,38,3.094784
65,v14,2,0,39,3.15328
65,v14,2,0,40,3.04512
65,v14,2,0,41,3.15008
65,v14,2,0,42,3.142144
65,v14,2,0,43,3.10656
65,v14,2,0,44,3.028608
65,v14,2,0,45,3.173504
65,v14,2,0,46,3.164544
65,v14,2,0,47,3.12512
65,v14,2,0,48,3.179904
65,v14,2,0,49,2.980736
65,v14,2,0,50,3.15968
65,v14,2,0,51,3.146112
65,v14,2,0,52,3.00928
65,v14,2,0,53,3.192448
65,v14,2,0,54,3.1584
65,v14,2,0,55,3.121152
65,v14,2,0,56,3.033984
65,v14,2,0,57,3.1168
65,v14,2,0,58,3.17952
65,v14,2,0,59,3.14432
65,v14,2,0,60,2.985472
65,v14,2,0,61,3.177472
65,v14,2,0,62,3.129088
65,v14,2,0,63,3.122816
65,v14,2,0,64,3.05664
65,v14,2,0,65,2.907648
65,v14,2,0,66,3.102592
65,v14,2,0,67,3.123328
65,v14,2,0,68,3.028992
65,v14,2,0,69,3.222912
65,v14,2,0,70,3.081728
65,v14,2,0,71,3.138176
65,v14,2,0,72,3.02976
65,v14,2,0,73,3.138688
65,v14,2,0,74,3.133696
65,v14,2,0,75,3.132032
65,v14,2,0,76,3.117056
65,v14,2,0,77,3.07328
65,v14,2,0,78,3.122816
65,v14,2,0,79,3.15008
65,v14,2,0,80,3.114752
65,v14,2,0,81,2.971904
65,v14,2,0,82,3.1296
65,v14,2,0,83,3.160064
65,v14,2,0,84,3.013632
65,v14,2,0,85,3.19936
65,v14,2,0,86,3.124352
65,v14,2,0,87,3.133824
65,v14,2,0,88,3.026176
65,v14,2,0,89,3.140992
65,v14,2,0,90,3.166208
65,v14,2,0,91,3.14816
65,v14,2,0,92,3.01504
65,v14,2,0,93,3.178496
65,v14,2,0,94,3.14688
65,v14,2,0,95,3.180544
65,v14,2,0,96,3.074304
65,v14,2,0,97,2.90752
65,v14,2,0,98,3.131776
65,v14,2,0,99,3.084032
65,v14,2,0,100,3.08032
65,v14,2,0,101,3.069696
65,v14,2,0,102,3.1264
65,v14,2,0,103,3.086976
65,v14,2,0,104,3.028864
65,v14,2,0,105,3.11104
65,v14,2,0,106,3.162112
65,v14,2,0,107,3.121408
65,v14,2,0,108,2.997376
65,v14,2,0,109,3.217664
65,v14,2,0,110,3.089024
65,v14,2,0,111,3.122688
65,v14,2,0,112,3.106304
65,v14,2,0,113,2.956416
65,v14,2,0,114,3.167104
65,v14,2,0,115,3.157632
65,v14,2,0,116,3.13472
65,v14,2,0,117,3.041536
65,v14,2,0,118,3.134336
65,v14,2,0,119,3.188608
65,v14,2,0,120,3.093632
65,v14,2,0,121,3.05472
65,v14,2,0,122,3.135616
65,v14,2,0,123,3.129088
65,v14,2,0,124,3.12832
65,v14,2,0,125,3.070336
65,v14,2,0,126,3.21088
65,v14,2,0,127,3.182848
65,v14,2,0,128,3.079808
65,v14,2,0,129,2.911488
65,v14,2,0,130,3.154304
65,v14,2,0,131,3.133824
65,v14,2,0,132,3.17824
65,v14,2,0,133,3.019904
65,v14,2,0,134,3.159296
65,v14,2,0,135,3.114496
65,v14,2,0,136,3.107712
65,v14,2,0,137,2.98496
65,v14,2,0,138,3.12768
65,v14,2,0,139,3.152896
65,v14,2,0,140,3.107456
65,v14,2,0,141,2.989184
65,v14,2,0,142,3.156608
65,v14,2,0,143,3.115136
65,v14,2,0,144,3.044736
65,v14,2,0,145,2.969088
65,v14,2,0,146,2.997504
65,v14,2,0,147,3.087616
65,v14,2,0,148,3.145088
65,v14,2,0,149,3.108992
65,v14,2,0,150,3.07264
65,v14,2,0,151,3.060096
65,v14,2,0,152,3.137536
65,v14,2,0,153,3.017344
65,v14,2,0,154,3.191936
65,v14,2,0,155,3.094784
65,v14,2,0,156,3.27616
65,v14,2,0,157,3.095936
65,v14,2,0,158,3.088384
65,v14,2,0,159,3.208192
65,v21,2,1,0,3.058048
65,v21,2,1,1,2.991488
65,v21,2,1,2,3.047936
65,v21,2,1,3,3.148544
65,v21,2,1,4,3.117312
65,v21,2,1,5,3.064064
65,v21,2,1,6,3.074304
65,v21,2,1,7,3.123968
65,v21,2,1,8,3.15776
65,v21,2,1,9,3.049728
65,v21,2,1,10,3.109248
65,v21,2,1,11,3.165184
65,v21,2,1,12,3.122176
65,v21,2,1,13,3.065984
65,v21,2,1,14,3.117696
65,v21,2,1,15,3.124608
65,v21,2,1,16,3.121408
65,v21,2,1,17,3.011328
65,v21,2,1,18,3.103104
65,v21,2,1,19,3.084416
65,v21,2,1,20,3.1264
65,v21,2,1,21,3.109888
65,v21,2,1,22,3.07328
65,v21,2,1,23,3.18656
65,v21,2,1,24,3.157888
65,v21,2,1,25,3.125376
65,v21,2,1,26,3.056128
65,v21,2,1,27,3.126016
65,v21,2,1,28,3.159168
65,v21,2,1,29,3.146368
65,v21,2,1,30,3.058048
65,v21,2,1,31,3.193856
65,v21,2,1,32,3.092992
65,v21,2,1,33,3.038976
65,v21,2,1,34,3.093632
65,v21,2,1,35,3.124096
65,v21,2,1,36,3.154432
65,v21,2,1,37,3.15264
65,v21,2,1,38,3.112704
65,v21,2,1,39,3.01824
65,v21,2,1,40,3.145216
65,v21,2,1,41,3.096064
65,v21,2,1,42,3.003264
65,v21,2,1,43,3.150592
65,v21,2,1,44,3.1008
65,v21,2,1,45,3.108992
65,v21,2,1,46,3.025792
65,v21,2,1,47,3.135488
65,v21,2,1,48,3.026176
65,v21,2,1,49,3.024128
65,v21,2,1,50,3.11616
65,v21,2,1,51,3.056384
65,v21,2,1,52,3.101824
65,v21,2,1,53,3.16544
65,v21,2,1,54,3.132288
65,v21,2,1,55,3.037312
65,v21,2,1,56,3.086848
65,v21,2,1,57,3.115264
65,v21,2,1,58,3.18336
65,v21,2,1,59,3.019392
65,v21,2,1,60,3.13536
65,v21,2,1,61,3.17504
65,v21,2,1,62,3.068928
65,v21,2,1,63,3.144192
65,v21,2,1,64,3.032832
65,v21,2,1,65,3.12256
65,v21,2,1,66,3.099008
65,v21,2,1,67,3.151488
65,v21,2,1,68,3.255808
65,v21,2,1,69,3.215616
65,v21,2,1,70,3.144832
65,v21,2,1,71,3.119872
65,v21,2,1,72,3.156864
65,v21,2,1,73,3.259264
65,v21,2,1,74,3.006464
65,v21,2,1,75,3.244544
65,v21,2,1,76,3.262848
65,v21,2,1,77,3.06496
65,v21,2,1,78,3.1776
65,v21,2,1,79,3.012352
65,v21,2,1,80,2.89856
65,v21,2,1,81,3.05984
65,v21,2,1,82,3.105408
65,v21,2,1,83,3.173632
65,v21,2,1,84,3.016448
65,v21,2,1,85,3.155328
65,v21,2,1,86,3.10656
65,v21,2,1,87,3.087104
65,v21,2,1,88,3.05088
65,v21,2,1,89,3.141504
65,v21,2,1,90,3.129216
65,v21,2,1,91,3.136
65,v21,2,1,92,3.022592
65,v21,2,1,93,3.15968
65,v21,2,1,94,3.14752
65,v21,2,1,95,3.064448
65,v21,2,1,96,2.946944
65,v21,2,1,97,3.123712
65,v21,2,1,98,3.083648
65,v21,2,1,99,3.145856
65,v21,2,1,100,3.030016
65,v21,2,1,101,3.120896
65,v21,2,1,102,3.153792
65,v21,2,1,103,3.17376
65,v21,2,1,104,3.037056
65,v21,2,1,105,3.208704
65,v21,2,1,106,3.127808
65,v21,2,1,107,3.156736
65,v21,2,1,108,3.02976
65,v21,2,1,109,3.200768
65,v21,2,1,110,3.151104
65,v21,2,1,111,3.171712
65,v21,2,1,112,3.023104
65,v21,2,1,113,3.037696
65,v21,2,1,114,3.13472
65,v21,2,1,115,3.184
65,v21,2,1,116,3.027072
65,v21,2,1,117,3.11424
65,v21,2,1,118,3.086848
65,v21,2,1,119,3.14816
65,v21,2,1,120,2.991232
65,v21,2,1,121,3.149952
65,v21,2,1,122,3.084672
65,v21,2,1,123,3.125632
65,v21,2,1,124,2.998784
65,v21,2,1,125,3.108736
65,v21,2,1,126,3.14624
65,v21,2,1,127,3.081088
65,v21,2,1,128,2.998272
65,v21,2,1,129,2.932992
65,v21,2,1,130,3.156992
65,v21,2,1,131,3.19424
65,v21,2,1,132,3.021696
65,v21,2,1,133,3.177216
65,v21,2,1,134,3.13792
65,v21,2,1,135,3.132288
65,v21,2,1,136,3.004928
65,v21,2,1,137,3.232
65,v21,2,1,138,3.092736
65,v21,2,1,139,3.147776
65,v21,2,1,140,3.047296
65,v21,2,1,141,3.068672
65,v21,2,1,142,3.181312
65,v21,2,1,143,3.152896
65,v21,2,1,144,3.092864
65,v21,2,1,145,3.024768
65,v21,2,1,146,3.165184
65,v21,2,1,147,3.145728
65,v21,2,1,148,3.049984
65,v21,2,1,149,3.144192
65,v21,2,1,150,3.174016
65,v21,2,1,151,3.174656
65,v21,2,1,152,3.045376
65,v21,2,1,153,3.179264
65,v21,2,1,154,3.126272
65,v21,2,1,155,3.138176
65,v21,2,1,156,3.045504
65,v21,2,1,157,3.133696
65,v21,2,1,158,3.149312
65,v21,2,1,159,3.139968
65,v21,2,2,0,3.0208
65,v21,2,2,1,3.094656
65,v21,2,2,2,3.0976
65,v21,2,2,3,3.088
65,v21,2,2,4,3.018368
65,v21,2,2,5,3.140224
65,v21,2,2,6,3.097472
65,v21,2,2,7,3.199616
65,v21,2,2,8,3.005696
65,v21,2,2,9,3.127936
65,v21,2,2,10,3.127168
65,v21,2,2,11,3.116928
65,v21,2,2,12,3.04704
65,v21,2,2,13,3.108224
65,v21,2,2,14,3.184896
65,v21,2,2,15,3.099776
65,v21,2,2,16,3.030912
65,v21,2,2,17,3.110656
65,v21,2,2,18,3.128064
65,v21,2,2,19,3.087872
65,v21,2,2,20,3.178752
65,v21,2,2,21,3.0368
65,v21,2,2,22,3.148544
65,v21,2,2,23,3.120768
65,v21,2,2,24,3.082112
65,v21,2,2,25,3.046016
65,v21,2,2,26,3.13472
65,v21,2,2,27,3.180544
65,v21,2,2,28,3.09248
65,v21,2,2,29,3.065856
65,v21,2,2,30,3.166336
65,v21,2,2,31,3.146624
65,v21,2,2,32,3.062144
65,v21,2,2,33,2.940672
65,v21,2,2,34,3.16864
65,v21,2,2,35,3.132288
65,v21,2,2,36,3.164416
65,v21,2,2,37,3.019904
65,v21,2,2,38,3.153408
65,v21,2,2,39,3.143936
65,v21,2,2,40,3.163264
65,v21,2,2,41,3.00608
65,v21,2,2,42,3.171328
65,v21,2,2,43,3.142784
65,v21,2,2,44,3.169664
65,v21,2,2,45,3.004032
65,v21,2,2,46,3.142656
65,v21,2,2,47,3.169664
65,v21,2,2,48,3.084032
65,v21,2,2,49,2.97856
65,v21,2,2,50,3.171712
65,v21,2,2,51,3.156096
65,v21,2,2,52,3.158656
65,v21,2,2,53,3.047424
65,v21,2,2,54,3.101952
65,v21,2,2,55,3.12192
65,v21,2,2,56,3.158144
65,v21,2,2,57,3.05088
65,v21,2,2,58,3.186944
65,v21,2,2,59,3.14048
65,v21,2,2,60,3.16032
65,v21,2,2,61,3.008512
65,v21,2,2,62,3.120384
65,v21,2,2,63,3.141888
65,v21,2,2,64,3.082752
65,v21,2,2,65,2.992
65,v21,2,2,66,3.08352
65,v21,2,2,67,3.152384
65,v21,2,2,68,3.167488
65,v21,2,2,69,3.024512
65,v21,2,2,70,3.176064
65,v21,2,2,71,3.151744
65,v21,2,2,72,3.158144
65,v21,2,2,73,3.02336
65,v21,2,2,74,3.17952
65,v21,2,2,75,3.13088
65,v21,2,2,76,3.139712
65,v21,2,2,77,2.990848
65,v21,2,2,78,3.140352
65,v21,2,2,79,3.134592
65,v21,2,2,80,3.072
65,v21,2,2,81,2.950144
65,v21,2,2,82,3.117184
65,v21,2,2,83,3.138048
65,v21,2,2,84,3.097728
65,v21,2,2,85,3.00416
65,v21,2,2,86,3.177088
65,v21,2,2,87,3.191808
65,v21,2,2,88,3.116544
65,v21,2,2,89,2.99712
65,v21,2,2,90,3.168256
65,v21,2,2,91,3.14112
65,v21,2,2,92,3.135616
65,v21,2,2,93,3.007232
65,v21,2,2,94,3.137408
65,v21,2,2,95,3.135616
65,v21,2,2,96,3.073664
65,v21,2,2,97,2.960768
65,v21,2,2,98,3.146112
65,v21,2,2,99,3.186048
65,v21,2,2,100,3.144576
65,v21,2,2,101,3.000192
65,v21,2,2,102,3.12768
65,v21,2,2,103,3.127424
65,v21,2,2,104,3.162752
65,v21,2,2,105,3.03232
65,v21,2,2,106,3.146752
65,v21,2,2,107,3.136256
65,v21,2,2,108,3.168384
65,v21,2,2,109,3.12576
65,v21,2,2,110,3.087744
65,v21,2,2,111,3.137664
65,v21,2,2,112,3.104768
65,v21,2,2,113,3.030912
65,v21,2,2,114,3.115648
65,v21,2,2,115,3.121536
65,v21,2,2,116,3.135616
65,v21,2,2,117,3.031552
65,v21,2,2,118,3.172992
65,v21,2,2,119,3.111552
65,v21,2,2,120,3.139072
65,v21,2,2,121,3.002496
65,v21,2,2,122,3.172992
65,v21,2,2,123,3.142016
65,v21,2,2,124,3.161216
65,v21,2,2,125,3.01632
65,v21,2,2,126,3.153152
65,v21,2,2,127,3.168384
65,v21,2,2,128,3.062528
65,v21,2,2,129,2.978688
65,v21,2,2,130,3.09504
65,v21,2,2,131,3.183872
65,v21,2,2,132,3.134336
65,v21,2,2,133,3.032576
65,v21,2,2,134,3.219584
65,v21,2,2,135,3.26208
65,v21,2,2,136,3.049728
65,v21,2,2,137,3.289088
65,v21,2,2,138,3.07008
65,v21,2,2,139,3.204864
65,v21,2,2,140,3.05088
65,v21,2,2,141,3.173504
65,v21,2,2,142,3.088896
65,v21,2,2,143,3.21024
65,v21,2,2,144,3.14176
65,v21,2,2,145,3.256704
65,v21,2,2,146,3.099264
65,v21,2,2,147,3.111296
65,v21,2,2,148,3.117696
65,v21,2,2,149,3.157248
65,v21,2,2,150,3.063936
65,v21,2,2,151,3.143168
65,v21,2,2,152,3.160448
65,v21,2,2,153,3.159168
65,v21,2,2,154,3.029632
65,v21,2,2,155,3.184
65,v21,2,2,156,3.150592
65,v21,2,2,157,3.079296
65,v21,2,2,158,3.05728
65,v21,2,2,159,3.121024
65,v14,2,3,0,3.258496
65,v14,2,3,1,3.24224
65,v14,2,3,2,3.07968
65,v14,2,3,3,3.323136
65,v14,2,3,4,3.23264
65,v14,2,3,5,3.232256
65,v14,2,3,6,3.227264
65,v14,2,3,7,3.219712
65,v14,2,3,8,3.261312
65,v14,2,3,9,3.1872
65,v14,2,3,10,3.422592
65,v14,2,3,11,3.06624
65,v14,2,3,12,3.077248
65,v14,2,3,13,3.047424
65,v14,2,3,14,3.15648
65,v14,2,3,15,3.104768
65,v14,2,3,16,3.084544
65,v14,2,3,17,3.004032
65,v14,2,3,18,3.1296
65,v14,2,3,19,3.12704
65,v14,2,3,20,3.173632
65,v14,2,3,21,3.044992
65,v14,2,3,22,3.113984
65,v14,2,3,23,3.144704
65,v14,2,3,24,3.095808
65,v14,2,3,25,3.030144
65,v14,2,3,26,3.16096
65,v14,2,3,27,3.084416
65,v14,2,3,28,3.06752
65,v14,2,3,29,3.104256
65,v14,2,3,30,3.125632
65,v14,2,3,31,3.081856
65,v14,2,3,32,3.076608
65,v14,2,3,33,2.9856
65,v14,2,3,34,3.123072
65,v14,2,3,35,3.127168
65,v14,2,3,36,3.202688
65,v14,2,3,37,3.042304
65,v14,2,3,38,3.19424
65,v14,2,3,39,3.129984
65,v14,2,3,40,3.090688
65,v14,2,3,41,3.035776
65,v14,2,3,42,3.11936
65,v14,2,3,43,3.09312
65,v14,2,3,44,3.170176
65,v14,2,3,45,3.082112
65,v14,2,3,46,3.123968
65,v14,2,3,47,3.170816
65,v14,2,3,48,3.145472
65,v14,2,3,49,3.064448
65,v14,2,3,50,3.064192
65,v14,2,3,51,3.193472
65,v14,2,3,52,3.243136
65,v14,2,3,53,3.090816
65,v14,2,3,54,3.082624
65,v14,2,3,55,3.180416
65,v14,2,3,56,3.097472
65,v14,2,3,57,3.012352
65,v14,2,3,58,3.123968
65,v14,2,3,59,3.220992
65,v14,2,3,60,3.097984
65,v14,2,3,61,3.056384
65,v14,2,3,62,3.142144
65,v14,2,3,63,3.139584
65,v14,2,3,64,3.107968
65,v14,2,3,65,2.94208
65,v14,2,3,66,3.104128
65,v14,2,3,67,3.13792
65,v14,2,3,68,3.065984
65,v14,2,3,69,3.009152
65,v14,2,3,70,3.162752
65,v14,2,3,71,3.11552
65,v14,2,3,72,3.083136
65,v14,2,3,73,3.027712
65,v14,2,3,74,3.260928
65,v14,2,3,75,3.48288
65,v14,2,3,76,3.329536
65,v14,2,3,77,3.360256
65,v14,2,3,78,3.17376
65,v14,2,3,79,3.206144
65,v14,2,3,80,3.20896
65,v14,2,3,81,3.20128
65,v14,2,3,82,3.282432
65,v14,2,3,83,3.321216
65,v14,2,3,84,3.198848
65,v14,2,3,85,3.221504
65,v14,2,3,86,3.202944
65,v14,2,3,87,2.973056
65,v14,2,3,88,3.128832
65,v14,2,3,89,3.205376
65,v14,2,3,90,3.022336
65,v14,2,3,91,3.134592
65,v14,2,3,92,3.103232
65,v14,2,3,93,3.330432
65,v14,2,3,94,3.256576
65,v14,2,3,95,3.297152
65,v14,2,3,96,3.232768
65,v14,2,3,97,3.266048
65,v14,2,3,98,3.264896
65,v14,2,3,99,3.254144
65,v14,2,3,100,3.29984
65,v14,2,3,101,3.254272
65,v14,2,3,102,3.220992
65,v14,2,3,103,3.195904
65,v14,2,3,104,3.207424
65,v14,2,3,105,3.231744
65,v14,2,3,106,3.184512
65,v14,2,3,107,3.097984
65,v14,2,3,108,3.119744
65,v14,2,3,109,3.190528
65,v14,2,3,110,3.283584
65,v14,2,3,111,3.250816
65,v14,2,3,112,3.287936
65,v14,2,3,113,3.18976
65,v14,2,3,114,3.219584
65,v14,2,3,115,3.220864
65,v14,2,3,116,3.220864
65,v14,2,3,117,3.113728
65,v14,2,3,118,2.98304
65,v14,2,3,119,3.124608
65,v14,2,3,120,3.189248
65,v14,2,3,121,3.118592
65,v14,2,3,122,3.022208
65,v14,2,3,123,3.129984
65,v14,2,3,124,3.12384
65,v14,2,3,125,3.19744
65,v14,2,3,126,3.1072
65,v14,2,3,127,3.28256
65,v14,2,3,128,3.230848
65,v14,2,3,129,3.208832
65,v14,2,3,130,3.245056
65,v14,2,3,131,3.218944
65,v14,2,3,132,3.22048
65,v14,2,3,133,3.25312
65,v14,2,3,134,3.216
65,v14,2,3,135,3.14432
65,v14,2,3,136,3.121792
65,v14,2,3,137,3.165312
65,v14,2,3,138,3.128576
65,v14,2,3,139,3.061248
65,v14,2,3,140,3.135104
65,v14,2,3,141,3.14944
65,v14,2,3,142,3.00608
65,v14,2,3,143,3.163648
65,v14,2,3,144,3.01184
65,v14,2,3,145,3.097344
65,v14,2,3,146,3.108608
65,v14,2,3,147,3.050368
65,v14,2,3,148,3.1104
65,v14,2,3,149,3.109888
65,v14,2,3,150,3.110656
65,v14,2,3,151,3.05792
65,v14,2,3,152,3.101056
65,v14,2,3,153,3.1072
65,v14,2,3,154,3.168384
65,v14,2,3,155,2.9952
65,v14,2,3,156,3.083392
65,v14,2,3,157,3.192832
65,v14,2,3,158,3.089152
65,v14,2,3,159,3.057152
