scale_percent,variant,window,gpu_ms
50,previous,0,0.575616
50,v17,0,0.181248
50,v17,0,0.644596
50,previous,0,0.19456
50,previous,1,0.171392
50,v17,1,0.790784
50,v17,1,0.708352
50,previous,1,1.692288
50,previous,2,0.491776
50,v17,2,0.336128
50,v17,2,0.203384
50,previous,2,0.325376
59,previous,0,0.399744
59,v17,0,0.800128
59,v17,0,0.389376
59,previous,0,1.432576
59,previous,1,0.621164
59,v17,1,0.831232
59,v17,1,0.835448
59,previous,1,0.83136
59,previous,2,0.751792
59,v17,2,1.127424
59,v17,2,1.174272
59,previous,2,1.66784
65,previous,0,1.738624
65,v17,0,16.63872
65,v17,0,0.721536
65,previous,0,0.386304
65,previous,1,0.416512
65,v17,1,0.43072
65,v17,1,0.40448
65,previous,1,0.576384
65,previous,2,0.625408
65,v17,2,0.078208
65,v17,2,0.076268
65,previous,2,0.076032
